movie,755
seat,560
theater,551
good,388
like,366
time,366
place,354
just,296
food,293
ticket,274
come,273
theatre,256
popcorn,221
nice,213
great,210
make,204
theaters,203
park,189
price,187
really,186
room,182
movies,182
drink,179
notto,178
people,178
experience,177
order,175
pretty,170
clean,169
service,162
im,159
line,143
say,141
need,139
star,136
watch,135
staff,133
think,128
little,125
lot,124
night,122
ive,121
walk,120
bar,120
bite,119
look,114
better,112
sit,111
comfortable,110
try,109
way,107
use,106
screen,106
wait,105
love,105
small,105
youre,104
pay,104
area,103
now,102
minutes,97
2,97
big,97
location,97
kid,95
chair,95
theres,95
not,94
free,94
bad,92
right,92
enjoy,91
know,91
sound,91
start,90
check,89
3,86
old,86
day,86
fro,84
play,84
new,83
bring,83
5,81
large,80
thats,79
feel,79
best,79
wa,78
floor,78
leave,77
close,77
tell,76
amc,76
open,76
nothave,75
usually,75
long,75
work,72
buy,71
sure,71
review,71
stand,70
strip,70
far,70
next,69
thing,69
offer,67
ask,66
film,65
notof,65
eat,65
ca,64
end,64
recline,64
theatres,62
overall,61
crowd,60
visit,60
friendly,60
stay,60
run,59
1,59
probably,59
saw,58
nothing,58
ok,58
hotel,56
nota,56
person,55
inside,55
quite,55
concession,55
station,55
deal,53
card,53
things,53
huge,52
row,52
kind,52
harkins,52
vegas,52
guess,52
date,52
table,52
definitely,51
no,51
snack,50
notthe,50
wouldbe,50
actually,49
quality,49
want,48
imax,48
years,48
venue,48
dece,48
light,47
selection,47
id,47
cool,47
mall,47
concessions,47
menu,47
regular,46
game,46
away,46
serve,45
machine,45
high,45
weekend,44
money,44
worth,44
miss,44
early,44
busy,44
10,44
town,44
family,43
extra,43
issue,43
options,43
turn,42
locate,42
customer,42
average,42
comfy,42
expect,42
plus,42
expensive,42
couple,41
4,40
days,40
fine,39
notand,39
decide,39
view,39
disappoint,39
ill,39
drive,39
fun,39
add,39
hard,39
wo,39
15,38
uncomfortable,38
fact,38
notget,38
half,38
especially,37
20,37
live,37
space,37
fry,37
reason,37
water,37
arrive,37
fee,36
week,36
super,36
cheese,36
late,36
hours,36
maybe,36
restaurants,36
counter,36
mean,36
buffet,36
point,35
sell,35
shop,35
choose,35
hand,34
size,34
manager,34
unless,34
problem,34
outside,34
dinner,34
phone,34
refill,34
youll,34
notknow,34
beer,34
build,33
past,33
house,33
able,33
noteven,33
soda,33
cheap,33
spot,33
regal,33
talk,33
cold,33
downtown,33
bathrooms,33
easy,33
6,33
south,33
finally,32
casino,32
smell,32
lobby,32
hot,32
bowl,32
entrance,32
recommend,31
charge,31
felt,31
awesome,31
okay,31
chicken,31
employees,31
wouldhave,31
home,31
plenty,31
pizza,31
special,30
cinema,30
annoy,30
second,30
rest,30
notbe,30
hear,30
online,29
instead,29
hit,29
purchase,29
yes,29
ice,29
30,29
stop,29
recently,29
book,29
sign,29
main,29
include,28
hour,28
friends,28
break,28
matinee,28
butter,28
center,27
set,27
dirty,27
help,27
rude,27
store,27
differe,27
standard,27
pack,27
party,27
compare,27
items,26
door,26
wish,26
ipic,26
notlike,26
oh,26
happy,26
slow,26
real,26
poi,26
loud,26
reserve,26
button,26
allow,25
3d,25
tip,25
wear,25
noton,25
level,25
car,25
gamble,25
ones,25
stick,25
fairly,25
pick,25
cost,25
cup,25
theyre,25
favorite,25
concept,25
notsure,25
nachos,25
slot,25
glass,25
exhibit,24
save,24
cheaper,24
dark,24
age,24
school,24
coffee,24
smoke,24
let,24
taste,24
casinos,24
din,24
pass,24
older,24
rat,24
server,24
shouldbe,23
note,23
today,23
normal,23
notas,23
catch,23
amaze,23
fresh,23
street,23
12,23
happen,23
notreally,23
bathroom,23
plan,23
return,23
notvery,23
year,22
man,22
smaller,22
near,22
local,22
spend,22
admission,22
update,22
sunday,22
surprise,22
consider,22
sticky,22
customers,22
course,21
lack,21
remember,21
club,21
square,21
pour,21
terrible,21
push,21
available,21
servers,21
head,21
pull,21
number,20
avoid,20
8,20
city,20
overprice,20
kinda,20
notso,20
stadium,20
entire,20
hold,20
change,20
wrong,20
later,20
blanket,20
notthat,20
notfor,20
garage,20
horrible,20
breakfast,20
restrooms,20
waitress,20
lose,20
burger,20
young,19
actual,19
tuesdays,19
box,19
unfortunately,19
candy,19
notice,19
perfect,19
general,19
concert,19
friend,19
friday,19
office,19
afternoon,19
meal,19
extremely,19
option,19
middle,19
discount,19
picture,19
notbeen,19
rock,19
idea,19
groupon,19
business,18
easily,18
upgrade,18
stage,18
distract,18
fan,18
grab,18
bed,18
restaura,18
ago,18
cineplex,18
summer,18
access,18
particular,18
amou,18
auditorium,18
notbad,18
employee,18
enter,18
arcade,18
care,18
higher,18
wine,18
provide,18
parent,17
design,17
guy,17
validate,17
7,17
dollar,17
adult,17
noone,17
trip,17
pm,17
rush,17
decent,17
section,17
heat,17
read,17
rate,17
husband,17
resort,17
style,17
quickly,17
member,17
fast,17
traffic,17
notin,17
children,17
choice,17
ample,17
meet,17
notgo,17
convenience,17
pool,17
roll,17
manageme,17
pros,17
travel,16
cause,16
locals,16
pop,16
block,16
upstairs,16
wall,16
stude,16
reasonable,16
sauce,16
typical,16
poor,16
generally,16
nights,16
cinemas,16
les,16
appreciate,16
le,16
nottoo,16
attend,16
totally,16
usual,16
choices,16
feature,16
begin,16
host,16
weird,16
mention,16
ridiculous,16
prefer,16
hall,16
notwa,16
difference,16
group,16
buck,15
fancy,15
girl,15
vip,15
bigger,15
treat,15
booth,15
bottle,15
hope,15
lounge,15
pretzel,15
cash,15
salt,15
las,15
spacious,15
tuesday,15
wife,15
future,15
mess,15
speak,15
25,15
twice,15
type,15
understand,15
security,15
nearly,15
air,15
dog,15
sort,15
limit,15
fix,15
slightly,14
complain,14
major,14
prior,14
14,14
forget,14
stuff,14
la,14
par,14
yelp,14
events,14
notwith,14
absolutely,14
premium,14
drop,14
despite,14
preview,14
festival,14
odd,14
worst,14
suck,14
advance,14
job,14
audio,14
feet,14
convenie,14
short,14
notis,14
reward,14
bore,14
bag,14
win,14
hotels,14
act,14
pillow,14
realize,14
advertise,14
doors,14
salad,14
phoenix,13
assign,13
2nd,13
modern,13
seriously,13
court,13
credit,13
cover,13
soon,13
crazy,13
thank,13
months,13
16,13
hate,13
valley,13
ladies,13
hang,13
rave,13
cramp,13
leg,13
difficult,13
dine,13
state,13
dollars,13
bright,13
stupid,13
exit,13
plaza,13
closer,13
24,13
remodel,13
relax,13
gold,13
girls,13
scene,13
notmy,13
notsee,13
nearby,13
website,13
saturday,12
simply,12
wonderful,12
cut,12
process,12
legs,12
downstairs,12
guests,12
word,12
warm,12
cream,12
minute,12
condition,12
teenagers,12
tear,12
low,12
none,12
tend,12
youd,12
weve,12
notat,12
usher,12
quiet,12
piece,12
son,12
lower,12
eye,12
35,12
17,12
luxury,12
nor,12
tiny,12
closest,12
north,12
notgoing,12
folks,12
chip,12
clear,12
scottsdale,12
coke,12
release,12
sunset,12
larger,12
write,12
require,12
notseem,12
typically,12
boulder,12
vibe,12
various,12
balcony,12
notcome,12
intimate,12
complete,11
sink,11
dress,11
flavor,11
palm,11
enjoyable,11
value,11
notthink,11
leather,11
washrooms,11
kick,11
sneak,11
action,11
chain,11
complaints,11
blow,11
est,11
arm,11
polite,11
base,11
certainly,11
escalator,11
cashier,11
pleasa,11
figure,11
members,11
soft,11
red,11
possible,11
lol,11
bonus,11
tonight,11
excellent,11
apparently,11
war,11
case,11
independe,11
quick,11
amenities,11
completely,11
share,11
lunch,11
suppose,11
continue,11
newer,11
literally,11
sweet,11
alcohol,11
poker,11
intermission,11
pricey,11
eve,11
separate,11
fantastic,10
basic,10
personal,10
dead,10
kill,10
forever,10
refund,10
cleanliness,10
beautiful,10
depend,10
rule,10
beat,10
flat,10
et,10
comfort,10
tons,10
believe,10
theyve,10
attach,10
u,10
13,10
mediocre,10
escalators,10
elevator,10
kiosk,10
impossible,10
honestly,10
fair,10
lady,10
workers,10
structure,10
helpful,10
worse,10
relatively,10
learn,10
kiosks,10
child,10
never,10
notcare,10
direct,10
problems,10
facility,10
shuttle,10
variety,10
complai,10
waiter,10
excelle,10
remind,10
medium,10
bunch,10
similar,10
temperature,10
stairs,10
atmosphere,10
grill,10
steak,10
beverage,10
dry,10
public,9
somewhat,9
wed,9
life,9
incredibly,9
factor,9
die,9
arizona,9
radio,9
finger,9
clothe,9
white,9
cell,9
hopefully,9
nolonger,9
18,9
shouldhave,9
theme,9
single,9
affordable,9
notsay,9
particularly,9
attentive,9
cinéma,9
certain,9
challenge,9
surround,9
disgust,9
safe,9
fall,9
100,9
50,9
gross,9
cafe,9
clerk,9
strange,9
biggest,9
mainstream,9
possibly,9
agree,9
notgood,9
hop,9
dessert,9
notmuch,9
sandwich,9
nothere,9
stale,9
press,9
control,9
wonder,9
multiple,9
program,9
king,9
tax,9
tasty,9
beware,9
appear,9
maintain,9
skip,9
mind,9
cocktail,9
hire,9
request,9
alley,9
obviously,9
remain,9
restroom,9
solid,9
assume,9
importa,9
straight,9
attempt,9
blue,9
app,9
crispy,9
sliders,9
hallway,9
confuse,9
tender,9
45,9
smg,9
epicentre,9
noidea,9
tall,9
brunch,9
morning,8
adults,8
class,8
ship,8
deck,8
directly,8
step,8
character,8
sorry,8
glad,8
science,8
fully,8
corn,8
yesterday,8
boy,8
excite,8
cake,8
surprisingly,8
register,8
batman,8
portion,8
performances,8
actors,8
ce,8
notworth,8
neck,8
teens,8
improve,8
previous,8
inform,8
conveniently,8
min,8
ahead,8
notan,8
freque,8
highway,8
flick,8
complex,8
fight,8
round,8
notbut,8
wouldrecommend,8
chance,8
wow,8
dip,8
mexican,8
auditoriums,8
trash,8
à,8
guard,8
list,8
n,8
unique,8
downside,8
casinoto,8
gift,8
military,8
replace,8
potential,8
private,8
distance,8
explain,8
marcus,8
w,8
corner,8
notenough,8
armrest,8
notgreat,8
deliver,8
wing,8
audience,8
reasonably,8
coupon,8
valet,8
double,8
recliners,8
fault,8
drivein,8
deposit,8
notdesk,8
casinois,8
constantly,8
tough,8
bank,8
face,8
bartender,8
toronto,8
carpet,8
uptown,8
follow,8
personally,8
self,8
showtime,8
attention,8
frustrate,8
settle,8
patrons,8
studio,8
freeze,8
poorly,8
entertainme,8
21,8
email,8
band,8
shake,8
waitstaff,8
highly,7
shoe,7
discover,7
1st,7
daily,7
focus,7
museum,7
entry,7
fit,7
sun,7
recliner,7
22,7
players,7
perk,7
kitchen,7
month,7
spring,7
mins,7
spoil,7
acceptable,7
throw,7
address,7
des,7
en,7
que,7
rece,7
galaxy,7
comme,7
situation,7
orange,7
tire,7
faster,7
negative,7
centre,7
luckily,7
armrests,7
spe,7
dish,7
turkey,7
aware,7
schedule,7
notall,7
matinees,7
grind,7
noise,7
notfeel,7
doubt,7
lean,7
soggy,7
ya,7
opportunity,7
sodas,7
clearly,7
notgive,7
damn,7
meh,7
plain,7
should,7
normally,7
likely,7
neverseen,7
unlimited,7
longer,7
oyster,7
burgers,7
notdo,7
managers,7
hide,7
beverages,7
nothelp,7
green,7
awful,7
wouldget,7
sport,7
ac,7
facilities,7
bother,7
corporate,7
excuse,7
discou,7
dealers,7
blackjack,7
funny,7
prepare,7
locations,7
smile,7
favourite,7
desert,7
welcome,7
neverhad,7
company,7
video,7
nobody,7
tea,7
youve,7
obnoxious,7
chinook,7
fork,7
bump,7
hat,7
ride,7
smokey,7
non,7
rib,7
specials,7
coconut,7
indie,7
fandango,7
capitol,7
truly,7
marquee,7
passenger,6
purpose,6
prime,6
world,6
fake,6
story,6
body,6
notrecline,6
thursday,6
hair,6
shirt,6
stall,6
knight,6
owner,6
nevergot,6
majority,6
decor,6
eventually,6
east,6
layout,6
lead,6
renovation,6
west,6
productions,6
steep,6
woman,6
range,6
manage,6
purse,6
juice,6
qui,6
une,6
il,6
pas,6
grand,6
mix,6
women,6
cross,6
az,6
lay,6
alternative,6
neither,6
shift,6
150,6
earlier,6
regularly,6
slowly,6
contact,6
receive,6
forward,6
greatest,6
tuck,6
risk,6
fail,6
question,6
popular,6
notquite,6
foreign,6
anyways,6
gonna,6
music,6
nothad,6
insane,6
distraction,6
charlotte,6
sad,6
aok,6
monday,6
cater,6
mad,6
lobster,6
holder,6
mid,6
aisles,6
support,6
trust,6
immediately,6
impress,6
noproblem,6
mea,6
flow,6
noteat,6
paper,6
plat,6
team,6
mainly,6
premier,6
volume,6
rarely,6
wouldprobably,6
anymore,6
wouldgive,6
favor,6
fare,6
airport,6
notyou,6
wouldi,6
bear,6
notwas,6
urine,6
ton,6
spill,6
final,6
wouldnotbe,6
convenient,6
shame,6
bingo,6
inexpensive,6
miserable,6
bet,6
crap,6
charm,6
budget,6
cray,6
alright,6
performance,6
height,6
globe,6
awkward,6
currently,6
select,6
notrow,6
ambiance,6
version,6
casinoand,6
addition,6
positive,6
esplanade,6
occasionally,6
sense,6
nicer,6
notoff,6
accessible,6
subway,6
window,6
frequently,6
deserve,6
apologize,6
force,6
dim,6
notfind,6
joke,6
forth,6
total,6
conference,6
noti,6
tight,6
calgary,6
cab,6
shin,6
post,6
notit,6
notorder,6
titanic,5
families,5
aside,5
information,5
montreal,5
sir,5
american,5
mr,5
board,5
reach,5
crack,5
effort,5
disorganize,5
freshly,5
moviepass,5
mondays,5
latest,5
digital,5
weather,5
signal,5
worry,5
toilets,5
filthy,5
wouldmake,5
expectations,5
delicious,5
musical,5
original,5
notalways,5
notjust,5
daughter,5
hell,5
crappy,5
du,5
nest,5
lame,5
hilarious,5
mome,5
heres,5
noon,5
kudos,5
rental,5
brenden,5
announce,5
title,5
village,5
finish,5
asleep,5
trek,5
younger,5
microwave,5
tray,5
loyalty,5
coat,5
hill,5
cozy,5
19,5
father,5
bug,5
goers,5
cushion,5
fold,5
outdated,5
score,5
entertain,5
additional,5
bun,5
comparison,5
news,5
rid,5
wouldnotmind,5
individual,5
dad,5
attenda,5
send,5
membership,5
nomatter,5
thankfully,5
notcomfortable,5
notthan,5
validation,5
ready,5
island,5
neat,5
memories,5
basically,5
sleep,5
weeks,5
notwork,5
properly,5
inconvenie,5
weekday,5
egg,5
midnight,5
tix,5
notor,5
notbring,5
fabulous,5
professional,5
plate,5
wouldlike,5
bread,5
ai,5
90s,5
arrowhead,5
los,5
sick,5
pleasant,5
notmake,5
nicely,5
gym,5
peace,5
shape,5
bbq,5
upper,5
jam,5
sadly,5
handle,5
advice,5
wouldnotgo,5
notyour,5
penny,5
showtimes,5
condiments,5
ect,5
icee,5
notbeing,5
confirm,5
effect,5
pain,5
noisy,5
notback,5
wide,5
wouldexpect,5
simple,5
imagine,5
greet,5
renovations,5
hurt,5
1015,5
acoustics,5
cleveland,5
plush,5
competition,5
alamo,5
tour,5
handful,5
rise,5
elbow,5
desk,5
scan,5
neversaw,5
trays,5
remove,5
true,5
cinemark,5
malls,5
fruit,5
careful,5
appetizer,5
cleaner,5
massive,5
plastic,5
mobile,5
site,5
suit,5
heavy,5
pro,5
11,5
grow,5
ventilation,5
cinebarre,5
form,5
term,5
claim,5
inconvenience,5
ugly,5
laugh,5
60,5
steakhouse,5
debit,5
notout,5
badly,5
approach,5
desserts,5
slight,5
overwhelm,5
gourmet,5
invite,5
yay,5
warn,5
slice,5
hey,5
projection,5
butt,5
stagewest,5
texas,5
awhile,5
cocktails,5
yummy,5
fiesta,5
nonalcoholic,5
taker,5
position,5
concern,5
shoot,5
cinedome,5
garble,5
dealer,5
90,4
cheesy,4
display,4
fade,4
broom,4
impressive,4
delight,4
understaffed,4
stretch,4
kettle,4
holders,4
stock,4
split,4
todays,4
cushy,4
hunger,4
notticket,4
interaction,4
stub,4
listen,4
opt,4
cars,4
notlook,4
notcleaned,4
tech,4
pre,4
inconsiderate,4
ass,4
teenage,4
eastgate,4
exact,4
construction,4
36,4
god,4
hollywood,4
cheapest,4
p,4
smoky,4
notdisappointed,4
venues,4
forum,4
join,4
production,4
notch,4
dive,4
bud,4
mom,4
wanna,4
wipe,4
upside,4
notask,4
dream,4
perfectly,4
40,4
ridge,4
bonne,4
planetarium,4
pace,4
gear,4
meter,4
yeah,4
luck,4
roomy,4
aspect,4
human,4
regard,4
hassle,4
color,4
nottheatre,4
slower,4
hungry,4
notover,4
stiff,4
redo,4
richmond,4
eateries,4
social,4
freak,4
mile,4
metal,4
showroom,4
disaster,4
holiday,4
squeeze,4
til,4
foot,4
jack,4
crumb,4
america,4
dinein,4
soso,4
traditional,4
margarita,4
brand,4
touch,4
notseats,4
neverbeen,4
anytime,4
fashion,4
notexpect,4
collect,4
spread,4
central,4
diet,4
repeat,4
occasion,4
areas,4
visible,4
op,4
season,4
lovely,4
hectic,4
entitle,4
boss,4
river,4
amenity,4
energy,4
jalapeño,4
nottheater,4
benefit,4
notneed,4
y,4
bien,4
opinion,4
struggle,4
motion,4
lazy,4
practice,4
somebody,4
nasty,4
blast,4
temp,4
sheppard,4
notplay,4
art,4
mms,4
suite,4
reservations,4
garden,4
vs,4
cook,4
mistake,4
fat,4
rip,4
palace,4
properties,4
guest,4
train,4
generous,4
notone,4
handicap,4
notuntil,4
ways,4
toilet,4
notsit,4
downfall,4
notgetting,4
odds,4
bustle,4
wouldlove,4
knock,4
unlike,4
fell,4
adequate,4
italian,4
notstay,4
bummer,4
ignore,4
exactly,4
ordinary,4
hardly,4
notplace,4
wee,4
interrupt,4
spectacular,4
tag,4
idiot,4
sushi,4
aisle,4
newly,4
barely,4
selfserve,4
draft,4
accessibility,4
cast,4
neighborhood,4
alot,4
degrees,4
notme,4
wander,4
booths,4
item,4
cardboard,4
interact,4
distractions,4
avec,4
au,4
macleod,4
nothear,4
chop,4
wet,4
apple,4
race,4
redbox,4
80,4
respond,4
ring,4
argue,4
mountain,4
makers,4
jane,4
virtually,4
burn,4
gia,4
itll,4
flight,4
miles,4
asian,4
notavailable,4
event,4
underground,4
hotdogs,4
1750,4
barrymore,4
nopopcorn,4
previously,4
dundas,4
notmind,4
waiters,4
device,4
underneath,4
crew,4
notallow,4
direction,4
minimal,4
hi,4
notfilms,4
curre,4
response,4
pri,4
dozen,4
paint,4
brew,4
casual,4
whats,4
pricy,4
nottry,4
moviegoers,4
community,4
reviewers,4
bucket,4
junk,4
seven,4
notabout,4
switch,4
gordon,4
classic,4
historic,4
tower,4
se,4
chocolate,4
peanut,4
winter,4
lineup,4
seattles,4
flashlight,4
notsuper,4
overcook,4
difficulty,4
beers,4
taxi,4
tim,4
road,4
drafthouse,4
eclipse,4
em,4
veggie,4
stain,4
615,4
mcdonalds,4
notbecause,4
nevercame,4
notunderstand,4
6pm,4
notcrowded,4
establishme,4
strong,4
ranch,4
scenes,4
gripe,4
foods,4
grande,4
maker,4
caramel,4
fridge,4
ruin,4
shock,4
mozzarella,4
cookie,4
sundance,4
oz,4
pumphouse,4
sexual,4
sadden,3
socalled,3
bust,3
canada,3
companion,3
englishwoman,3
york,3
artifacts,3
retrieve,3
hundreds,3
owners,3
acce,3
decision,3
mommy,3
rich,3
notimpressed,3
worthy,3
presentation,3
signage,3
btw,3
wouldprefer,3
cancel,3
model,3
reverse,3
iron,3
boyfriend,3
battery,3
significantly,3
washroom,3
womens,3
notreturn,3
sin,3
pork,3
san,3
darn,3
finest,3
specifically,3
dont,3
exist,3
golden,3
costume,3
unable,3
drama,3
opposite,3
minimum,3
prese,3
honey,3
kernels,3
snooty,3
notselection,3
irritate,3
notfrom,3
content,3
hobbit,3
rien,3
salles,3
dans,3
peu,3
mais,3
petit,3
hockey,3
souvenir,3
sur,3
trouble,3
365,3
perform,3
men,3
uuu,3
notclear,3
nothappen,3
amcs,3
partner,3
exclusively,3
tv,3
gun,3
dance,3
interactive,3
canyon,3
notable,3
product,3
package,3
container,3
ball,3
duck,3
proximity,3
improveme,3
comp,3
stone,3
thrill,3
markham,3
silvercity,3
sofa,3
queue,3
power,3
asc,3
explore,3
rogue,3
wouldneed,3
notsell,3
iphone,3
salsa,3
tortillas,3
impression,3
lucky,3
notpay,3
casinotheaters,3
lately,3
gigantic,3
bum,3
notlast,3
honest,3
wouldthink,3
everytime,3
notexperience,3
rundown,3
raise,3
hes,3
andor,3
goer,3
horse,3
newest,3
takers,3
olds,3
yah,3
notid,3
9,3
notmore,3
attract,3
practically,3
notcool,3
mobility,3
sister,3
notopen,3
invest,3
bass,3
bounce,3
apply,3
disturb,3
flip,3
notfriendly,3
notoften,3
waste,3
skate,3
rink,3
load,3
map,3
cute,3
galleria,3
reservation,3
swipe,3
nosense,3
equally,3
300,3
omelette,3
sausage,3
originally,3
honor,3
notdiscounts,3
familiar,3
copy,3
buffalo,3
notoverly,3
notinto,3
nottell,3
mini,3
teacher,3
o,3
refuse,3
combine,3
commercials,3
stellar,3
alcoholic,3
patron,3
theyll,3
embarrass,3
foremost,3
bench,3
baby,3
jedi,3
650,3
dingy,3
wash,3
mattress,3
towel,3
rough,3
june,3
pittsburgh,3
nottake,3
dolby,3
create,3
absolute,3
swift,3
arrival,3
smallest,3
notremember,3
pizzas,3
crust,3
automate,3
nut,3
upset,3
rectify,3
heck,3
shouldi,3
accept,3
unfortunate,3
restaurant,3
complexes,3
vary,3
pant,3
garbage,3
shortly,3
quarter,3
notworking,3
notimagine,3
ketchup,3
destination,3
ben,3
jerry,3
fish,3
justify,3
instance,3
senior,3
accord,3
freeway,3
e,3
birthday,3
cat,3
notwin,3
casinowas,3
test,3
teeth,3
pressure,3
comparable,3
numerous,3
ghetto,3
85,3
football,3
century,3
secret,3
greasy,3
runners,3
nottheir,3
gas,3
notfully,3
proof,3
cram,3
notterribly,3
frog,3
poison,3
shell,3
texting,3
kinds,3
notblame,3
police,3
tier,3
sight,3
escape,3
pump,3
yell,3
superior,3
fame,3
luxurious,3
horror,3
notrealize,3
dangerous,3
yikes,3
proceed,3
smooth,3
hangout,3
wicked,3
improvements,3
gammage,3
notwe,3
circulation,3
blood,3
girlfriend,3
nosignage,3
degree,3
exterior,3
notdid,3
nothappy,3
tous,3
connect,3
ramp,3
slope,3
wouldsay,3
wouldsuggest,3
hubby,3
visibility,3
seniors,3
harry,3
yorkdale,3
punch,3
incorrect,3
meals,3
southern,3
xd,3
r,3
performers,3
slide,3
mother,3
scale,3
kayak,3
dew,3
halfway,3
dr,3
spare,3
wouldnotwa,3
admit,3
earn,3
notenjoy,3
allergies,3
farther,3
convert,3
inch,3
wouldgo,3
tho,3
950,3
climb,3
blockbuster,3
mm,3
courteous,3
yonge,3
st,3
shit,3
property,3
timer,3
parkade,3
alarm,3
notwhen,3
boot,3
casinofloor,3
notfeeling,3
redeem,3
extend,3
ah,3
autres,3
bon,3
dump,3
shine,3
desire,3
lackluster,3
notup,3
efficient,3
menus,3
unorganized,3
electronic,3
standards,3
royal,3
ovens,3
ttc,3
cannotbe,3
manor,3
swivel,3
cupholder,3
cigarette,3
summerlin,3
shiny,3
active,3
exception,3
haha,3
advantage,3
groupons,3
weak,3
tune,3
fly,3
bs,3
suspect,3
notcheap,3
apology,3
bartenders,3
notbeat,3
dare,3
consist,3
retail,3
ol,3
orleans,3
thai,3
function,3
optimal,3
nobutter,3
breaker,3
scotiabank,3
proper,3
result,3
bland,3
empire,3
key,3
30mins,3
bc,3
slop,3
notmany,3
notcheck,3
payment,3
noindication,3
mood,3
pad,3
spendy,3
moment,3
shove,3
notdoing,3
bourne,3
ownership,3
present,3
lid,3
narrow,3
notyears,3
swear,3
voucher,3
bare,3
tap,3
liquor,3
craft,3
outrageous,3
profit,3
neighbor,3
8pm,3
inquire,3
bay,3
screw,3
circumstances,3
flaw,3
comedy,3
individuals,3
peel,3
shrimp,3
banana,3
beauty,3
notput,3
plug,3
valuable,3
notnotice,3
neverexperienced,3
mark,3
neonopolis,3
casinowith,3
disappointment,3
hortons,3
inflate,3
chat,3
notnight,3
reception,3
onsite,3
dedicate,3
snuggle,3
unacceptable,3
recognize,3
notplaying,3
norm,3
loiter,3
wild,3
notfar,3
notthis,3
quieter,3
blockbusters,3
b,3
nacho,3
escort,3
disappear,3
casinoonly,3
questionable,3
alive,3
napkin,3
2018,3
gentleman,3
tomato,3
worthwhile,3
establishment,3
buzz,3
enforce,3
starter,3
potato,3
physical,3
recommendation,3
notlet,3
spa,3
colossus,3
plentiful,3
eh,3
coupons,3
draw,3
establishments,3
roulette,3
noway,3
ears,3
pee,3
tanzy,3
garrett,3
accidentally,3
blind,3
suncoast,3
intheatre,3
encounter,3
lanes,3
acknowledge,3
seemingly,3
monster,3
mechanical,3
substitute,3
bus,3
nay,3
coronado,3
policy,3
accomplish,3
copulation,3
doolittle,3
voice,3
accompany,3
soup,3
elevators,3
dock,2
shameful,2
2008,2
effective,2
survive,2
quebec,2
minister,2
connection,2
monsieur,2
chevre,2
canadian,2
lesson,2
ocean,2
3rd,2
iceberg,2
2000,2
strike,2
uniform,2
notinterested,2
history,2
wouldenjoy,2
irish,2
accent,2
answer,2
32,2
sake,2
notseeing,2
worlds,2
unclear,2
defense,2
coast,2
documentary,2
gain,2
deny,2
understandable,2
wouldput,2
venture,2
pare,2
rocker,2
weekdays,2
exchange,2
notgotten,2
portable,2
notleave,2
idle,2
cineplexs,2
vanilla,2
strawberry,2
french,2
sooo,2
chili,2
salty,2
lock,2
cow,2
poop,2
11pm,2
message,2
grant,2
marathon,2
smuggle,2
noreclining,2
compete,2
prairie,2
urban,2
sorta,2
850,2
disappointme,2
200,2
planet,2
easier,2
capacity,2
primary,2
premovie,2
curated,2
pile,2
script,2
union,2
vegetarian,2
deluxe,2
neverknow,2
shes,2
drag,2
goodies,2
blame,2
stash,2
false,2
pouch,2
tropicana,2
ridiculously,2
headache,2
dennys,2
neverthat,2
notrequire,2
unbeatable,2
watchers,2
particulièreme,2
nombre,2
même,2
égaleme,2
notde,2
banlieue,2
contre,2
sièges,2
soit,2
prix,2
salle,2
eric,2
sore,2
80s,2
nkotb,2
attendees,2
significa,2
notother,2
upcharge,2
markup,2
5pm,2
1050,2
uh,2
simulator,2
wouldnotmake,2
notdrive,2
businesses,2
magical,2
notanything,2
munchies,2
fountain,2
dumb,2
idk,2
messy,2
nephew,2
greatly,2
calendar,2
upcoming,2
toss,2
stonecrest,2
shabby,2
longest,2
shorter,2
notsticky,2
scarborough,2
booze,2
bypass,2
joint,2
shall,2
mortgage,2
activities,2
needle,2
enterprise,2
pray,2
neverget,2
bonuses,2
promotion,2
popcorns,2
notif,2
sobe,2
huh,2
chug,2
facebook,2
iphones,2
respect,2
notrecall,2
flour,2
flavorful,2
cleanest,2
daytime,2
dudes,2
notentrance,2
nosebleed,2
intend,2
notspectacular,2
washington,2
suggest,2
entree,2
fond,2
format,2
bueno,2
noproblems,2
ses,2
varsity,2
tout,2
toilettes,2
clients,2
minuses,2
setup,2
fluffy,2
rail,2
nochance,2
latin,2
disclosure,2
tempt,2
educate,2
notstick,2
notfresh,2
happier,2
discomfort,2
hahaha,2
notsmell,2
moldy,2
important,2
context,2
frankly,2
piss,2
wouldnt,2
notmean,2
suddenly,2
jump,2
dan,2
enterprises,2
llc,2
33,2
mac,2
napkins,2
notmost,2
hike,2
pair,2
notshow,2
trick,2
cannotget,2
pet,2
vips,2
agents,2
overhaul,2
cola,2
ideal,2
governme,2
max,2
largest,2
tourist,2
surface,2
nature,2
land,2
gather,2
remote,2
walmart,2
chevron,2
queen,2
memorable,2
greeters,2
awe,2
noparking,2
vicinity,2
stranger,2
mornings,2
yep,2
junkie,2
persons,2
phx,2
notfamiliar,2
65,2
lap,2
feast,2
mandatory,2
newspaper,2
fyi,2
leaders,2
couch,2
poppers,2
zucchini,2
wouldof,2
1large,2
estan,2
duty,2
notdisappoint,2
slew,2
presence,2
introduce,2
moviegoing,2
fuck,2
yogen,2
fruz,2
outtakes,2
notuse,2
weight,2
notbuy,2
nottypically,2
roughly,2
spray,2
soooo,2
prompt,2
diner,2
notfood,2
wag,2
comfortably,2
dust,2
breeze,2
sub,2
consistently,2
nocomplaints,2
licorice,2
loyal,2
involve,2
notgets,2
lie,2
protect,2
zero,2
jr,2
wouldrather,2
notpossible,2
notready,2
notshuttle,2
picky,2
superman,2
pepperoni,2
black,2
ability,2
holmes,2
staffer,2
greek,2
correctly,2
wtf,2
feed,2
accurate,2
notstory,2
common,2
generously,2
departme,2
34,2
adjace,2
notseat,2
shouldnotbe,2
develop,2
grief,2
session,2
throne,2
industrial,2
elements,2
shouldwe,2
cine,2
capri,2
gravity,2
mayo,2
packet,2
casinostaff,2
casinohad,2
hustle,2
campaign,2
aka,2
360,2
brutal,2
notever,2
roof,2
hardworking,2
outstanding,2
competent,2
shower,2
ads,2
dealwe,2
bur,2
captain,2
solo,2
repeatedly,2
delay,2
smack,2
250,2
injury,2
shouldve,2
boat,2
900,2
nonsense,2
deer,2
notcontrol,2
notcomme,2
echo,2
faux,2
arrange,2
peer,2
george,2
clooney,2
crush,2
redesign,2
outdoor,2
terrace,2
thankful,2
facelift,2
engage,2
despicable,2
teenager,2
text,2
austin,2
dizzy,2
dragon,2
avenue,2
q,2
curtain,2
shouldnothave,2
accommodate,2
defeat,2
arrangeme,2
death,2
combo,2
dvd,2
preorder,2
entrees,2
70,2
staircase,2
attendants,2
notclean,2
flag,2
random,2
gratuity,2
toujours,2
dun,2
très,2
aussi,2
soirée,2
lift,2
p2,2
notsize,2
resolution,2
forgive,2
territory,2
potter,2
whichever,2
notpick,2
commotion,2
curious,2
drivers,2
g,2
heaters,2
preve,2
satisfy,2
necessity,2
bond,2
paddle,2
perspective,2
tone,2
adjust,2
pepper,2
dummy,2
jim,2
conveniences,2
dope,2
secondly,2
importantly,2
problematic,2
elite,2
notoffer,2
hybrid,2
cattle,2
smelly,2
musty,2
operations,2
supposedly,2
wouldnotrecommend,2
prove,2
handy,2
notnormal,2
students,2
thursdays,2
dispenser,2
payme,2
luke,2
quicker,2
airline,2
efficie,2
decline,2
specific,2
ghost,2
relationship,2
expansion,2
phenomenal,2
trail,2
peak,2
notbother,2
northbound,2
nogood,2
supply,2
loose,2
downhill,2
clientele,2
wednesday,2
nite,2
refreshme,2
plusieurs,2
comptoir,2
propre,2
speakers,2
notprice,2
notspend,2
madison,2
magic,2
flashlights,2
whos,2
famous,2
toy,2
1999,2
explode,2
bin,2
notimpress,2
float,2
notset,2
visual,2
grade,2
notspeak,2
notrecommend,2
organize,2
notused,2
incredible,2
handmade,2
flatbreads,2
guarantee,2
subject,2
additionally,2
notexist,2
intense,2
appeal,2
pathetic,2
rocket,2
eclectic,2
subtitle,2
bollywood,2
paramou,2
freely,2
abilities,2
epicenter,2
swing,2
wouldalways,2
onebut,2
wouldve,2
receipt,2
indicate,2
750,2
modify,2
moon,2
sams,2
cannery,2
blah,2
zollie,2
mild,2
vehicle,2
cloud,2
daycare,2
transactions,2
notthey,2
transfer,2
chinese,2
pit,2
reminisce,2
ultimately,2
hafta,2
maintenance,2
revenue,2
oversized,2
wider,2
stink,2
zip,2
brother,2
halo,2
bakery,2
danger,2
mens,2
tab,2
tiff,2
flavour,2
canadiens,2
remake,2
mildly,2
tolerable,2
brooklyns,2
wise,2
hubs,2
elgin,2
potentially,2
avx,2
lee,2
notbeer,2
h,2
page,2
unhappy,2
crossroads,2
notchoices,2
neverreceive,2
shouldneveramou,2
straw,2
5min,2
notexpensive,2
disabilities,2
society,2
weeknight,2
fanciest,2
cinnebarre,2
oppose,2
noline,2
fave,2
7pm,2
giggle,2
disclaimer,2
advise,2
represent,2
series,2
merchandise,2
lids,2
notaround,2
rigid,2
tolerate,2
notwait,2
someones,2
3pm,2
gal,2
nottimes,2
lamps,2
450,2
notmovies,2
prevent,2
glimpse,2
peut,2
voir,2
étages,2
regulars,2
beautifully,2
noelevator,2
documentaries,2
orient,2
nope,2
tighter,2
congest,2
notabove,2
notactually,2
vouchers,2
l,2
phillips,2
impatie,2
710,2
bone,2
diverse,2
largely,2
understandably,2
february,2
positives,2
jumble,2
makeover,2
arboretum,2
shutter,2
500,2
945,2
ummm,2
brightly,2
supper,2
crave,2
transaction,2
nowadays,2
versus,2
nugget,2
notany,2
inconsistent,2
fremo,2
notstreet,2
bloor,2
reduce,2
orpheum,2
notstop,2
everybody,2
notour,2
sangria,2
wouldcome,2
whip,2
till,2
suburbs,2
gem,2
attitude,2
mail,2
visart,2
summary,2
notrepair,2
cane,2
elevate,2
obscure,2
2d,2
sitter,2
heaven,2
scullery,2
restart,2
legacy,2
chit,2
inspect,2
enthusiastic,2
apart,2
splash,2
country,2
teeny,2
gimmick,2
didnt,2
noissues,2
ultraavx,2
million,2
quit,2
fountains,2
milkshake,2
crescent,2
commence,2
atrocious,2
notfun,2
male,2
notterrible,2
nowhere,2
transit,2
630,2
s,2
coarse,2
scream,2
basis,2
unhelpful,2
rice,2
shouldget,2
notwhich,2
selfservice,2
notus,2
roam,2
notanywhere,2
fairview,2
moms,2
file,2
curse,2
bday,2
4th,2
childhood,2
stench,2
nose,2
nevertried,2
sweat,2
gum,2
550,2
notbelieve,2
comps,2
notsomething,2
projector,2
photo,2
operation,2
windows,2
goodness,2
depress,2
meat,2
ale,2
chill,2
salmon,2
bagels,2
severely,2
pie,2
bloody,2
mary,2
daisy,2
inception,2
designer,2
animal,2
notify,2
ultrastar,2
personalities,2
quesadilla,2
lego,2
expire,2
notletting,2
hamburger,2
google,2
notthere,2
different,2
obvious,2
farrellis,2
locally,2
announceme,2
coladas,2
byo,2
decently,2
ingredients,2
cheddar,2
moviedining,2
angle,2
minor,2
subtle,2
soundproof,2
platinum,2
ultra,2
wouldhighly,2
frustration,2
bargin,2
unruly,2
lurk,2
speaker,2
crackle,2
caveat,2
array,2
wheelchair,2
walker,2
spiderman,2
genuinely,2
samsaran,2
2150,2
congregate,2
salem,2
certificate,2
sol,2
wallet,2
nooutside,2
disconcert,2
kink,2
worker,2
layer,2
notgiving,2
noice,2
ensure,2
ikea,2
relevant,2
prepurchase,2
preassigned,2
accumulate,2
meadows,2
leftovers,2
tacky,2
800,2
report,2
notsexy,2
martini,2
frame,2
notonly,2
neverdone,2
matthews,2
netflix,2
narcisse,2
skeptical,2
string,2
flatbread,2
neverreceived,2
laughable,2
rodeo,2
posters,2
75,2
taller,2
awaken,2
sticker,2
scarce,2
casinobecause,2
glendale,2
takeaway,2
seafood,2
sickness,2
notare,2
hurry,2
coworkers,2
truffle,2
yum,2
yada,2
loudly,2
initial,2
nonmember,2
print,2
pomegranate,2
delish,2
confusion,2
yongesheppard,2
liemax,2
gate,2
th,2
reset,2
don,2
poutine,2
couldve,2
panasonic,2
avengers,2
silver,2
duration,2
birkdale,2
notpaying,2
qr,2
code,2
brian,2
talkative,2
buff,2
relegate,2
wouldever,2
arty,2
reputation,2
blvd,2
disable,2
dig,2
nothaving,2
occurrence,2
nearest,2
routinely,2
unpleasant,2
jeans,2
safety,2
odor,2
basement,2
record,2
cabane,2
sucre,2
sucré,2
doit,2
heart,2
fence,2
c,2
sale,2
classics,2
firm,2
relate,2
savoy,2
communicate,2
carry,2
personnel,2
farthest,2
divide,2
wrestle,2
wouldtake,2
fussy,2
dice,2
player,2
supervisors,2
supervisor,2
circle,2
outfit,2
november,2
intimacy,2
notstayed,2
outlets,2
cookies,2
robin,2
absence,2
africa,2
cape,2
copulate,2
gratuitous,2
nudity,2
sex,2
copulations,2
tension,2
recognise,2
sexy,2
640,2
russian,2
cartoon,2
leadership,2
notneeds,2
0,2
reference,2
improv,2
correct,2
renovate,2
expedia,2
censor,2
puke,2
diarrhea,2
ingredie,2
offstrip,2
glitzy,2
halloween,2
regardless,2
notshake,2
pickup,2
border,2
silverado,2
cowboy,2
overlook,2
wrap,2
unforgiven,2
brie,2
puff,2
pastry,2
abuse,2
nomini,2
rrated,2
creepy,2
mattresses,2
wideeyed,1
captivate,1
phoenician,1
notafford,1
nonprofit,1
chuckle,1
promine,1
notfrenchman,1
wilfred,1
laurier,1
montrealer,1
21year,1
comprehensive,1
shed,1
interior,1
passengers,1
lifestyle,1
routines,1
collision,1
1500,1
cutlery,1
steward,1
perish,1
snapshot,1
april,1
1912,1
amazement,1
detect,1
irishman,1
wouldrequire,1
knowledgeable,1
lifeboats,1
essentially,1
designers,1
analytical,1
lawyer,1
excitedly,1
frenchman,1
manifest,1
ironically,1
institution,1
tasteful,1
stark,1
collection,1
casinoattracts,1
identical,1
strangers,1
puffy,1
popularity,1
premise,1
notthese,1
lifeline,1
periodically,1
surge,1
subscriptions,1
bankrupt,1
foggy,1
investors,1
notcompany,1
paltry,1
centsshare,1
goto,1
boast,1
hotelcasino,1
notassigned,1
notusually,1
curve,1
wouldlet,1
lunchdinner,1
noluck,1
nightsnotsure,1
brag,1
notlaz,1
status,1
spruce,1
cushiony,1
cannotreally,1
reviewcritique,1
coolespecially,1
lawn,1
trunk,1
drain,1
caa,1
boost,1
combos,1
funnel,1
goddamn,1
freshmade,1
nachoes,1
saltier,1
barwashrooms,1
oldnotmaintained,1
sanitary,1
netshatscaps,1
unhygienic,1
raggedy,1
dirtdust,1
notuseable,1
clog,1
handwash,1
functional,1
notcreated,1
equallyfor,1
lameo,1
gluttony,1
hofbauhaus,1
jose,1
skimpy,1
imaxconcerned,1
hulk,1
wannabe,1
brendan,1
chuck,1
shut,1
ahhh,1
notpretend,1
notcrying,1
heath,1
ledger,1
actor,1
cure,1
emphysema,1
cruise,1
rollerskating,1
rollerdrome,1
notchanged,1
woefully,1
inevitable,1
project,1
sprawl,1
premiere,1
consession,1
wacky,1
nothall,1
axis,1
colosseum,1
caesars,1
nolines,1
noovercrowding,1
mib3,1
nonexistent,1
moderately,1
dirtysurprising,1
wouldnservebthis,1
satellite,1
dista,1
notsuburbs,1
colour,1
excellently,1
study,1
songs,1
parody,1
spoof,1
notunionized,1
notdelicious,1
aussie,1
sway,1
daughterssavvy,1
notsnobby,1
staffedmanaged,1
da,1
girlz,1
tribe,1
22yr,1
adopt,1
sons,1
notcount,1
foster,1
yrs,1
tron,1
fund,1
brood,1
walgreens,1
sanitizer,1
bleach,1
slummi,1
righthand,1
notencountered,1
patrol,1
sing,1
miserables,1
comedies,1
boygirl,1
wednesdays,1
notcinemark,1
alittle,1
notexcita,1
notavec,1
excepté,1
permet,1
quand,1
davoir,1
sélection,1
notbien,1
situé,1
louest,1
centreville,1
montréal,1
agréable,1
stationneme,1
notgratuit,1
ici,1
notrelativeme,1
notpetite,1
alors,1
lexpérience,1
cinématographique,1
notspectaculaire,1
écrans,1
notraisonnableme,1
notgrands,1
dimension,1
notconfiguré,1
selon,1
principe,1
pallier,1
donne,1
visibilité,1
quel,1
votre,1
localisation,1
représentation,1
cher,1
quen,1
catégorie,1
bébé,1
écran,1
passableme,1
notplus,1
traditionnel,1
nostalgique,1
occupe,1
lespace,1
lancien,1
là,1
où,1
jouais,1
léquipe,1
canadien,1
jusquen,1
1996,1
nombres,1
notune,1
destrade,1
peuve,1
notêtre,1
vus,1
relaxingthis,1
wasnt,1
517,1
not650,1
2014183365,1
hangi,1
nottough,1
wifey,1
males,1
rocki,1
floresce,1
notclothes,1
104,1
nothits,1
50somethings,1
flashy,1
pyrotechnics,1
confetti,1
aloha,1
shaka,1
uu,1
bridesmaids,1
upchargebut,1
nochoicefine,1
shouldreally,1
600,1
barnes,1
nobles,1
magazine,1
12noon,1
coorrection,1
satsun,1
ultimate,1
moviesound,1
cardinals,1
solar,1
storm,1
nail,1
severe,1
04jan09,1
banner,1
casinoin,1
notnecessarily,1
notrock,1
occupancy,1
casinoso,1
onlyso,1
thenits,1
vertically,1
challanged,1
buddy,1
neverbusy,1
moviestuesday,1
donation,1
atmosenhanced,1
ought,1
killer,1
minus,1
compel,1
darkness,1
qualities,1
niece,1
rivers,1
depth,1
perception,1
toric,1
lenses,1
eyesight,1
partake,1
childfriendliness,1
breath,1
rubber,1
grainy,1
glue,1
consistency,1
texture,1
michelin,1
sustenance,1
gizmos,1
disco,1
notsome,1
downtime,1
thoughparking,1
oksoon,1
atwater,1
metro,1
tallest,1
onestretch,1
notadjace,1
notconsiderate,1
conversion,1
beforebut,1
100x,1
notmove,1
regals,1
recession,1
noreason,1
brended,1
bird,1
notreviewed,1
notmovie,1
decades,1
markville,1
vanish,1
woodbine,1
wouldeither,1
woods,1
placement,1
148,1
tempe,1
noi,1
delightful,1
ihad,1
milkduds,1
mass,1
7year,1
shoulddefinitely,1
handson,1
fraction,1
birchmount,1
honk,1
alternatively,1
birchmou,1
carpool,1
notparticipate,1
sony,1
wouldnotexpect,1
dryers,1
impressions,1
caesar,1
lamer,1
notcarry,1
notagainst,1
commentary,1
ho,1
not30,1
f,1
dbags,1
obsess,1
cadillac,1
margaritas,1
bean,1
crunchy,1
cannotbeat,1
cannotgo,1
notunbearable,1
curberrrr,1
71314,1
oldest,1
miracle,1
casinohotel,1
730,1
detectors,1
rudely,1
pleasantly,1
britney,1
spear,1
residency,1
acces,1
pun,1
smoothely,1
2014,1
164,1
3stars,1
notincredible,1
nevermind,1
equalizer,1
denzel,1
march,1
wouldupdate,1
materials,1
sodasand,1
allfree,1
serviceable,1
snck,1
neveronce,1
wouldcertainly,1
maleficent,1
8ticket,1
nosenior,1
voisins,1
remplit,1
fait,1
sa,1
fonction,1
bémol,1
nottrop,1
petites,1
notmoyen,1
rapport,1
dautres,1
cinémas,1
addict,1
screech,1
stomp,1
variable,1
scamming,1
pic,1
tidy,1
patty,1
nottaste,1
keg,1
astor,1
kelsey,1
hump,1
sparkle,1
67,1
notdespite,1
climate,1
notyum,1
mouth,1
rennovations,1
casinotheatre,1
2006,1
unite,1
ditch,1
incidentally,1
scam,1
nochoice,1
bye,1
cya,1
southwest,1
1933,1
foresight,1
willingness,1
sophisticate,1
resentful,1
oldentimey,1
buggy,1
norecliner,1
conclusion,1
nirvana,1
backwards,1
darwinism,1
survival,1
fittest,1
extinct,1
harkinscom,1
aggravate,1
belief,1
1520,1
notfreque,1
shaker,1
nonetheless,1
thoughyuck,1
wellknown,1
notspecial,1
collegeaged,1
teenaged,1
illustrate,1
uncomfortably,1
overlyenthusiastic,1
newfound,1
drastically,1
xmen,1
tricky,1
notafter,1
bike,1
attraction,1
educational,1
attractions,1
notdocumentaries,1
tool,1
ninsoundgarden,1
accoustics,1
muddy,1
cymbals,1
gentle,1
vocals,1
peeve,1
not8,1
giftcard,1
spigot,1
hesitate,1
priority,1
offend,1
notappreciation,1
associate,1
exceptional,1
coca,1
supplier,1
vacancy,1
prop,1
caffeine,1
maneuver,1
upkeep,1
squander,1
misuse,1
notmoney,1
cinesphere,1
eerie,1
ontarios,1
26400,1
watt,1
noones,1
momentum,1
sustain,1
plasticy,1
notsharp,1
skater,1
pity,1
newlooking,1
notsitting,1
2012,1
amusements,1
680,1
cycle,1
rollerblade,1
coffeetea,1
nodeep,1
slushie,1
nottried,1
cinecapris,1
dbox,1
ticketassigned,1
twoseaters,1
nothog,1
dude,1
nothorrible,1
offtimes,1
alleviate,1
notcatch,1
plague,1
potatoes,1
gluten,1
brown,1
anxious,1
atlanta,1
sux,1
incentives,1
laughlin,1
decorate,1
tile,1
38,1
5003,1
fifty,1
arise,1
notnormally,1
notsaying,1
bilk,1
internet,1
notfit,1
harley,1
fitness,1
journal,1
notsunday,1
delivery,1
shouldat,1
contemporary,1
madisons,1
wouldat,1
tory,1
millers,1
notpeople,1
runner,1
mockingjay,1
notran,1
d,1
communicative,1
shouldgive,1
leader,1
bothersome,1
thoroughly,1
amf,1
noceiling,1
readunderstand,1
tshirts,1
cosmic,1
bronco,1
berry,1
arbys,1
amfs,1
castle,1
1956,1
rebuild,1
nottalk,1
nottop,1
1375,1
isle,1
geneal,1
todos,1
cadena,1
orientados,1
veguenses,1
tercera,1
edad,1
para,1
pasar,1
rato,1
aprovechar,1
buenos,1
precios,1
buffetea,1
suelen,1
estar,1
como,1
coletilla,1
decir,1
hay,1
pocos,1
wc,1
muy,1
escondidos,1
buenoya,1
sabes,1
si,1
lo,1
visitas,1
dejanos,1
tu,1
buena,1
suerte,1
dire,1
999,1
perce,1
notpossibly,1
overrate,1
inattentive,1
dismissive,1
perpetually,1
indépendant,1
litter,1
insanely,1
cockroach,1
jlo,1
texted,1
disrupt,1
underagers,1
discontinue,1
walkaround,1
locale,1
frisky,1
darken,1
ethics,1
angeles,1
areaa,1
asians,1
notentirely,1
lump,1
notfault,1
hornet,1
produce,1
shitty,1
hiss,1
warbly,1
fuckheads,1
notridiculously,1
corndog,1
guilty,1
pleasure,1
rad,1
cinematic,1
stronger,1
notfull,1
vehicles,1
robbery,1
waive,1
grandpa,1
dubai,1
notcharge,1
outfrom,1
bahamas,1
dose,1
neverpatron,1
notboycott,1
peter,1
fonda,1
heater,1
showrooms,1
notspecialty,1
bedbugs,1
protector,1
bugger,1
kiley,1
pest,1
cabanas,1
desce,1
quietly,1
subtly,1
wind,1
tunnel,1
90°,1
colds,1
ewelcoming,1
sarcastic,1
instaed,1
harvest,1
stopper,1
917,1
neverreally,1
76,1
hvac,1
unit,1
washcloth,1
2010,1
fortunately,1
agreeme,1
expand,1
cos,1
squirrel,1
norwin,1
screenworks,1
404,1
sardine,1
cuban,1
tldr,1
cigarettes,1
clumsy,1
condime,1
notstation,1
progressively,1
management,1
wouldsee,1
unbelievable,1
equip,1
basics,1
sour,1
patch,1
reeses,1
nomistake,1
nip,1
operate,1
fist,1
thorough,1
interview,1
compromise,1
decisive,1
contagious,1
infect,1
matron,1
stationso,1
notfloors,1
notknowing,1
2towels,1
technically,1
casinohotels,1
confront,1
deactivate,1
lateryou,1
122am,1
kenogirls,1
hotelcasinohas,1
internship,1
scrumptious,1
mankind,1
915,1
youngest9,1
char,1
pizzanext,1
sherlock,1
woulduse,1
customershish,1
notdisplayed,1
notwitnessed,1
casinobuffets,1
72,1
lane,1
skills,1
industry,1
pirate,1
moneys,1
themsunset,1
sante,1
fe,1
wildfire,1
experienceim,1
petty,1
reps,1
satisfactorily,1
notits,1
noskill,1
hone,1
skill,1
nospecific,1
ostracize,1
arent,1
market,1
scheme,1
psychology,1
grumpy,1
salesman,1
payoff,1
buyer,1
fool,1
collective,1
thumb,1
behinds,1
elderly,1
oneoff,1
soak,1
maximum,1
comics,1
neverwaited,1
byproduct,1
scarcely,1
interruptions,1
discourteous,1
notregret,1
bouncy,1
semirecline,1
notquality,1
1020pm,1
disgrace,1
socialise,1
recur,1
reject,1
nofewer,1
cling,1
porcelain,1
rear,1
undergo,1
steralisation,1
decontamination,1
plant,1
gorgeous,1
sessions,1
wasteland,1
sewer,1
onetime,1
chilli,1
radish,1
jalapeños,1
satisfaction,1
redevelop,1
casinountil,1
tourname,1
neverthought,1
agile,1
casinofor,1
proudly,1
puzzle,1
crow,1
grannies,1
grandpas,1
notsmokey,1
casinoads,1
99,1
cents,1
6am,1
oldoutdatedworn,1
hotelscasinos,1
aria,1
cosmopolitan,1
incline,1
whenevera,1
tastefreshness,1
247,1
badd,1
deceptively,1
pennies,1
twentyfive,1
percentage,1
diamonds,1
icons,1
butterfly,1
adequately,1
notroom,1
vanity,1
stare,1
roommates,1
mirror,1
brush,1
hydraulic,1
powerflush,1
tmi,1
alternatives,1
knowledgable,1
wouldeat,1
intricate,1
notheated,1
nojacuzziwhirlpool,1
palapa,1
sodall,1
hobble,1
intersteer,1
deaden,1
ashtray,1
scary,1
notwarn,1
wouldwarn,1
degreesish,1
wouldnottell,1
canotcomme,1
roomdid,1
notstaybut,1
stayedmay,1
timeoh,1
nightprobably,1
bitwe,1
vikings1,1
beergood,1
crapsdealers,1
200cocktail,1
efficientbut,1
beerr,1
wouldnotserve,1
ticketshe,1
honeyyoure,1
memy,1
casinowhen,1
nearbyhe,1
awayvery,1
notnear,1
downtownjoined,1
notpopcorn,1
endless,1
sweaty,1
cloth,1
knee,1
notseems,1
philips,1
creeper,1
logistical,1
difficulties,1
loooooonnnnnng,1
notattempt,1
buffer,1
nomajor,1
churros,1
noshow,1
acceleration,1
notvisits,1
nolittle,1
christown,1
ageappropriate,1
chemicals,1
highend,1
theyd,1
notleast,1
qt,1
quaint,1
pg13,1
tshirt,1
sweater,1
nicest,1
xo,1
reesie,1
soo,1
5star,1
fancywho,1
goodaloha,1
challenge100365,1
walkways,1
suffer,1
lemme,1
sardines,1
omnimax,1
dart,1
museums,1
reciprocal,1
butdo,1
leaky,1
frank,1
lloyd,1
wrightand,1
wouldnotsay,1
portals,1
nodirectional,1
portal,1
20oz,1
complicate,1
asu,1
notpart,1
notview,1
bearable,1
regret,1
nourge,1
nottexts,1
grandparents,1
peek,1
stuffy,1
theory,1
awkwardly,1
headrests,1
alongside,1
downsize,1
quinoa,1
12dollar,1
neverreviewed,1
affect,1
trashy,1
ew,1
anybody,1
sidelegshuffle,1
ohkay,1
orphan,1
homie,1
notwant,1
oprahs,1
weirdo,1
marriage,1
snake,1
motives,1
endorse,1
titantic,1
2003,1
education,1
lake,1
erie,1
gelato,1
notbecome,1
modernize,1
architecture,1
shudder,1
cannotbelieve,1
nodoubt,1
awake,1
graphics,1
israther,1
cannotrecline,1
moderndaytheaters,1
notimax,1
kiss,1
extract,1
mortality,1
newish,1
mama,1
gias,1
shaky,1
retractable,1
casinooutside,1
nomanners,1
tx,1
wouldthrow,1
reply,1
nopolicy,1
orchestra,1
balconies,1
tendency,1
chunk,1
cranky,1
mamma,1
mia,1
frills,1
walkable,1
ponder,1
bizzilion,1
yelper,1
oversight,1
construct,1
spri,1
hairs,1
creative,1
undress,1
redress,1
powder,1
bladder,1
battle,1
825,1
105,1
notharkins,1
clot,1
torturous,1
bo,1
dunnobut,1
execution,1
wouldtry,1
notdoor,1
nosigns,1
instruct,1
barcode,1
lite,1
thich,1
promptly,1
lucked,1
mediumwell,1
pretzels,1
deep,1
nopoi,1
nothuge,1
folie,1
soirs,1
match,1
ou,1
grâce,1
conception,1
particulière,1
celle,1
théâtre,1
dantan,1
balcons,1
autour,1
fosse,1
toute,1
scène,1
lacoustique,1
coup,1
chaleureuse,1
soyezen,1
assurés,1
victorias,1
glenmore,1
parkades,1
p1,1
tiniest,1
sellingpick,1
classroom,1
afterward,1
nothd,1
1099,1
graphic,1
visions,1
hawaii,1
averagestyle,1
sephora,1
shoppers,1
lush,1
chapters,1
coach,1
whistle,1
neverhurts,1
wouldnotpick,1
noother,1
predicament,1
imperfections,1
notruin,1
calgarys,1
notstores,1
yesfor,1
loversit,1
9yes,1
nine9,1
nightmareright,1
noeasy,1
task,1
theredont,1
wouldavoid,1
bwahaaha,1
notresist,1
cheer,1
papa,1
murphys,1
silverware,1
bell,1
notfigure,1
avatar,1
junkies,1
lukewarm,1
ugh,1
2fortuesdays,1
cellphones,1
1516,1
10pm,1
wouldpay,1
neverdeal,1
notexperienced,1
purple,1
86,1
84,1
woulddrop,1
backat,1
warmer,1
reckless,1
cautious,1
nofoot,1
backstop,1
notthings,1
platter,1
invention,1
womanize,1
temple,1
decadence,1
paternal,1
grumble,1
haughty,1
miff,1
inability,1
partway,1
chickenfinger,1
wield,1
bandits,1
wouldbutter,1
slovenly,1
dopey,1
resituated,1
somethin,1
fitchburg,1
wilderness,1
overblown,1
goods,1
noticeably,1
personable,1
bads,1
insanity,1
pushy,1
rake,1
shorty,1
sea,1
trough,1
casinoif,1
dispute,1
casinorewards,1
speciality,1
proverbial,1
chute,1
lemming,1
merrily,1
talkies,1
notlocate,1
c16sfs,1
satisfactory,1
booty,1
assure,1
upscal,1
cedarlee,1
vacuum,1
somebodys,1
workin,1
lazzy,1
tightly,1
wayyy,1
ehh,1
likeat,1
boo,1
asses,1
69,1
weakand,1
jersey,1
wouldstill,1
wonderment,1
lakes,1
kidcentric,1
neverceases,1
astonish,1
notbubble,1
nab,1
busier,1
nolot,1
valid,1
designate,1
wouldchange,1
wen,1
hearts,1
dandy,1
asap,1
notprices,1
6p,1
workout,1
nayelis,1
itunes,1
drastic,1
notlend,1
wouldchoose,1
camelback,1
profile,1
shelf,1
unionville,1
20min,1
rd,1
markhams,1
2500,1
warden,1
replacement,1
notlong,1
thier,1
faves,1
capitalize,1
steamroll,1
fandangos,1
integration,1
exclusive,1
rowdy,1
goddamit,1
fatty,1
mushy,1
pumpmefullofantibioticswhileistandinmyownshitwhilethesteroidsgrowmebiggerthanmybodywasevergoingtogrowin90daysfeelotmeat,1
lessees,1
clause,1
contract,1
competitors,1
approed,1
hint,1
notreach,1
glsc,1
needhate,1
christmas,1
phil,1
seb,1
victoria,1
nonexiste,1
endlessly,1
firemen,1
notidle,1
3way,1
5th,1
muskoka,1
picnic,1
waterfront,1
pi,1
patios,1
patio,1
puss,1
youngsters,1
ps,1
noriff,1
raff,1
711,1
nonexistant,1
locationthe,1
smokeyness,1
799,1
drinknow,1
welli,1
casinoat,1
oclock,1
talented,1
showroomwhich,1
ottmar,1
liebert,1
showroomto,1
1025,1
duel,1
establish,1
notservice,1
telleme,1
notdhistoire,1
québécoise,1
sy,1
trouve,1
pourtant,1
maintenant,1
ça,1
quun,1
gros,1
famille,1
cinéplex,1
odéon,1
ta,1
notque,1
cest,1
bornes,1
acheter,1
billet,1
soimême,1
assez,1
occupées,1
essentiels,1
ciné,1
liqueurs,1
bonbons,1
chocolats,1
fromage,1
fondu,1
notconfortables,1
mauvais,1
saute,1
yeux,1
surtout,1
dhollywood,1
coolits,1
allot,1
morons,1
brain,1
offthe,1
reasonablestaff,1
helpfulive,1
fundraise,1
notvenue,1
artists,1
wisconsin,1
highlight,1
investigate,1
sheepish,1
petal,1
devices,1
minimize,1
noinclination,1
hilton,1
inn,1
nieces,1
raleigh,1
4pm,1
320,1
350,1
memory,1
gamechanger,1
carlton,1
bluray,1
peanuts,1
multiplex,1
portapotty,1
systems,1
511,1
overfill,1
rubbish,1
notdressed,1
shoddy,1
notcut,1
matter,1
norich,1
department,1
crucial,1
nibblys,1
streetcars,1
promotions,1
adventure,1
gummy,1
ceiling,1
28,1
honour,1
notreflect,1
consideration,1
concentration,1
ipad,1
ambie,1
notlight,1
notswivel,1
smoothly,1
adept,1
coolest,1
ppl,1
concepts,1
barwine,1
wouldfind,1
orderingdelivering,1
winefood,1
anticipate,1
notgenerous,1
automatic,1
vend,1
cannotorder,1
foodwine,1
wouldreceive,1
glorify,1
headaches,1
notideal,1
twomovie,1
indysundance,1
lowbudget,1
providence,1
wellmaintained,1
topnotch,1
steam,1
officer,1
assumption,1
whew,1
anxiety,1
nottonight,1
marco,1
cleaningup,1
tablet,1
neversaid,1
notshouldwatch,1
effectively,1
catherine,1
multiplexes,1
arena,1
lonely,1
richard,1
celine,1
dion,1
english,1
parc,1
notincarnation,1
brink,1
neverfull,1
manhattan,1
christs,1
notaka,1
banque,1
scotia,1
exorbita,1
justification,1
twoforthepriceofone,1
fluctuate,1
dismal,1
execute,1
seatunless,1
downsides,1
spectrum,1
notcomplain,1
3x,1
notchoking,1
noperfect,1
inbetween,1
pendulum,1
backtoback,1
slim,1
amc22,1
weaksauce,1
margartia,1
pitchertotal,1
nevershows,1
beerwaited,1
ithe,1
lv,1
fm,1
notper,1
noassigned,1
nogrill,1
helicopter,1
notlarge,1
cashball,1
gf,1
lowest,1
notstand,1
occasional,1
aforementioned,1
nonsmokers,1
10x,1
3001,1
trainee,1
jackpots,1
activity,1
nothit,1
notnumber,1
quizical,1
not100,1
nofuture,1
staycation,1
eastside,1
palpable,1
edit,1
dave,1
busters,1
fridaysaturday,1
afternoonearly,1
motherinlaw,1
generic,1
notacts,1
railhead,1
extravaga,1
notouting,1
fooddrinks,1
notvalidate,1
owe,1
notlife,1
notdwell,1
notwill,1
conscious,1
unbelievably,1
pitcher,1
chatty,1
def,1
cooler,1
drivethru,1
abysmal,1
helicopters,1
youi,1
outdoors,1
bfe,1
neverseems,1
nevergoing,1
fiancé,1
spinach,1
cannotbring,1
casinolike,1
operators,1
finalize,1
10000,1
operator,1
disconnect,1
wouldnotstay,1
rex,1
slant,1
wouldwatch,1
baseball,1
basket,1
wouldmove,1
kixx,1
karaoke,1
broiler,1
guadalajara,1
notmexican,1
starbucks,1
wouldpile,1
guitars,1
amplifiers,1
seediness,1
homeless,1
prostitute,1
herpes,1
mislead,1
math,1
payouts,1
payout,1
responsibly,1
caribbean,1
hurricane,1
goodlife,1
restaurantsbars,1
legit,1
coupla,1
exaggeration,1
noexaggeration,1
notlocation,1
movieany,1
nottextuse,1
updown,1
shouldorder,1
shark,1
stn,1
charlotteor,1
notflashy,1
refresh,1
quai,1
notsceneold,1
indies,1
shots,1
repair,1
yankee,1
officeshopping,1
bevvy,1
dislike,1
casinoone,1
notvisit,1
urge,1
coincide,1
notshopping,1
consignmentresale,1
pricessales,1
averys,1
archis,1
buldogis,1
bachi,1
fusion,1
chicago,1
settebello,1
lollibee,1
landscape,1
upscale,1
intersection,1
pedestrians,1
noisepollution,1
décor,1
trendy,1
memorabilia,1
bodily,1
temperatures,1
exotic,1
salads,1
considerable,1
flatware,1
skyrocket,1
shout,1
712,1
scotiabanks,1
universe,1
vaca,1
reviewer,1
bulbs,1
gutted,1
theatercommercial,1
insignia,1
whatnotall,1
ascend,1
reality,1
plently,1
finestsave,1
gouge,1
850900,1
1550,1
macaroni,1
hrs,1
ideasprops,1
intrigue,1
mat,1
heckle,1
judgmental,1
troublemakers,1
losers,1
saggy,1
nodifference,1
sesh,1
notcompare,1
starlight,1
10p,1
suv,1
manageremployee,1
manger,1
pronounce,1
carolina,1
liftup,1
notamc,1
fundamentals,1
snacksdid,1
tamales,1
respectful,1
notman,1
tan,1
trailers,1
nevertoo,1
deceive,1
appearance,1
notstadium,1
notold,1
notnew,1
limitations,1
retro,1
snob,1
appropriate,1
lunchtime,1
accustom,1
notgroups,1
shakedown,1
promote,1
nondescript,1
storefront,1
visitors,1
presentations,1
storefro,1
notarea,1
dvds,1
notappear,1
fiction,1
buffy,1
vampire,1
slayer,1
zombie,1
grouchy,1
glare,1
madder,1
hardbacks,1
softness,1
smart,1
paths,1
notplan,1
cleanish,1
gotta,1
notfancy,1
spectre,1
sweetwater,1
420,1
notdouble,1
tradeoff,1
crunch,1
wrappers,1
sightline,1
fuel,1
halfdozen,1
woodlawn,1
offbrand,1
servicethis,1
exclude,1
zombielike,1
interactions,1
distractingbut,1
hunt,1
notdriven,1
hisher,1
itthanks,1
nooffer,1
prepopped,1
crusty,1
stateme,1
notsingling,1
sigh,1
carmike,1
datewith,1
dough,1
notavoid,1
moviesbut,1
kidsand,1
isdo,1
refreshments,1
wouldpush,1
vape,1
belly,1
notadd,1
notmiss,1
monitor,1
identity,1
superhero,1
notshowed,1
byob,1
packbottle,1
cheeper,1
coeur,1
quartier,1
notil,1
plein,1
internationaux,1
indépendants,1
jaime,1
faut,1
connaître,1
cela,1
être,1
vrai,1
labyrinthe,1
trouver,1
ny,1
vraime,1
vous,1
dirigé,1
deuxième,1
seulement,1
notfermés,1
depuis,1
bout,1
plupart,1
notprésentés,1
français,1
wouldcatch,1
freediscounted,1
nokiosks,1
efficiently,1
itch,1
entertainment,1
restore,1
multiscreen,1
attractive,1
college,1
lecture,1
temporarily,1
crutches,1
hogwash,1
terminal,1
ada,1
exempt,1
dread,1
cedar,1
engagements,1
abundance,1
uplift,1
notpulled,1
dangers,1
gay,1
nospecial,1
criticism,1
notconsistently,1
decisions,1
lesbos,1
latitude,1
labor,1
chris,1
amber,1
estrella,1
qrcode,1
spell,1
kindly,1
noavail,1
hmmm,1
nottold,1
notcareless,1
notbonus,1
trader,1
joes,1
physcial,1
aspects,1
inconvenient,1
rearrange,1
residence,1
heavily,1
definite,1
eagerly,1
toe,1
mittens,1
lest,1
fragile,1
hothouse,1
sleeveless,1
skirt,1
temps,1
unseasonably,1
coldturn,1
frustratingly,1
notliterally,1
correspondence,1
notend,1
degrade,1
operational,1
honeyfor,1
theather,1
church,1
joeys,1
plausible,1
chewable,1
jason,1
ghettofabulousness,1
chichi,1
funnybut,1
snobby,1
backpack,1
bistro,1
friendliest,1
handler,1
720pm,1
contrite,1
unwilling,1
ticketer,1
situate,1
predominately,1
heritage,1
extension,1
utilitarian,1
150200,1
upstarts,1
riot,1
gongshow,1
slowest,1
witness,1
stream,1
seasonal,1
integral,1
citys,1
locallybased,1
miscalculate,1
cafeteria,1
51,1
wouldnotfind,1
flimsy,1
closely,1
better20,1
seatbring,1
oder,1
loyaly,1
975,1
margin,1
happenin,1
scrunch,1
imma,1
yo,1
trashchairs,1
notwanna,1
wouldnormally,1
obtain,1
shouldthere,1
period,1
nocoffee,1
kidstheyd,1
notgreeted,1
manner,1
reclinewhich,1
nottheatres,1
atmos,1
jewel,1
1000,1
brampton,1
exceedingly,1
disarray,1
wouldbenefit,1
flush,1
notflush,1
cult,1
citizen,1
cope,1
lux,1
notbuildings,1
route,1
230,1
245pm,1
notchecked,1
16ticket,1
crank,1
noac,1
gosh,1
sakes,1
manulife,1
fox,1
beach,1
insidethe,1
surf,1
martian,1
shouldpay,1
frist,1
30mine,1
taco,1
casinobbq,1
mate,1
velveeta,1
nocomme,1
unprecedented,1
adjoin,1
lavish,1
nocomparison,1
barloungecomedy,1
sketchy,1
unwind,1
comedians,1
funnier,1
leisurely,1
requisite,1
crepe,1
woulddefinitely,1
image,1
wifes,1
unplug,1
cord,1
volunteer,1
documentation,1
notexpected,1
protective,1
safeguard,1
notfound,1
document,1
teach,1
executive,1
musicperformances,1
baseme,1
postmodern,1
juke,1
navigate,1
notpartake,1
notexplore,1
opportunities,1
theaterperformance,1
notunexpected,1
suprise,1
judge,1
talent,1
risers,1
novelty,1
overkill,1
akin,1
cheapskate,1
equal,1
notnice,1
commonly,1
reflection,1
detract,1
sacrifice,1
lieu,1
measure,1
ty,1
notreview,1
79,1
rememebr,1
sofas,1
notreserved,1
chairsnotfolding,1
onesfor,1
tinker,1
scullerys,1
6th,1
ogden,1
inspire,1
dodge,1
perma,1
notbartenders,1
account,1
wouldbuild,1
hed,1
protest,1
behold,1
pinch,1
offthestrip,1
lesser,1
panache,1
additions,1
traveler,1
pointa,1
casinoarea,1
belt,1
austins,1
tremendous,1
notreturned,1
notgiant,1
television,1
lessthan,1
scratchy,1
spite,1
elaborate,1
promise,1
cardio,1
sizable,1
shindig,1
fullfledged,1
megacasino,1
terrific,1
budgetfriendly,1
americaneverything,1
fondness,1
adultsonly,1
over18,1
pluses,1
snag,1
notparticularly,1
userfriendly,1
notdeal,1
nevera,1
nosnocaps,1
mindless,1
reprimand,1
unprofessional,1
noservers,1
casinoproperty,1
casinoneverseems,1
herd,1
translate,1
ghoulish,1
crocs,1
er,1
snopes,1
stationary,1
sensible,1
ballet,1
slippers,1
navy,1
notwondering,1
awww,1
nothair,1
wendy,1
hoodie,1
willcall,1
wanda,1
sykes,1
nodoor,1
lollipops,1
spike,1
thoughthey,1
popper,1
zis,1
knees,1
pleeeease,1
stateside,1
weep,1
notraping,1
zia,1
stinkweeds,1
tack,1
precious,1
notpicked,1
female,1
rifle,1
pat,1
pooping,1
discourage,1
sales,1
stroll,1
noupgrade,1
vince,1
neil,1
apprx,1
venuei,1
performer,1
suitable,1
elder,1
shouldspeak,1
notself,1
3star,1
foodservice,1
1499,1
1300,1
8oz,1
synopsisgo,1
kitchenlike,1
liquors,1
notstrong,1
casinofirst,1
helpfulwe,1
stationlove,1
carnitastheir,1
goodthey,1
stationsitalianamericanchinesebut,1
mei,1
chickenusually,1
fav,1
foodthis,1
okskip,1
dessertnotworth,1
caloriesall,1
busiest,1
nightclub,1
ware,1
responsive,1
hotdog,1
tims,1
strongly,1
unlock,1
1135pm,1
12pm,1
awfully,1
horrid,1
notpoi,1
notalot,1
warcraft,1
baton,1
noticeable,1
indoor,1
unprepared,1
notshoppers,1
hello,1
spontaneous,1
notstyle,1
casinodid,1
theirs,1
reviewwe,1
sufficie,1
appetizers,1
quickness,1
path,1
monopolize,1
viseversa,1
courtney,1
bp,1
turtlejacks,1
401,1
morrissey,1
commute,1
philadelphia,1
notreceived,1
fortune,1
bugsthey,1
notring,1
command,1
notscrew,1
hollywoodbollywood,1
deadish,1
coliseum,1
zoo,1
notsogood,1
womensmens,1
notsides,1
notcounter,1
notcomfortableat,1
15hrs,1
rumour,1
essentials,1
mop,1
frequent,1
chic,1
unfinished,1
polish,1
gotham,1
casinoair,1
scant,1
truth,1
homey,1
bf,1
notdown,1
giant,1
runny,1
tasteless,1
daughters,1
queensway,1
stats,1
iii,1
pottie,1
soundtrack,1
allinall,1
outnumber,1
illequipped,1
hoppedup,1
slather,1
sprayedon,1
notthing,1
notvideo,1
offbeat,1
filmmakers,1
yr,1
shiw,1
nowindows,1
eas,1
libe,1
eaoted,1
notstating,1
uggggg,1
chickens,1
matisyahu,1
notpleased,1
selections,1
manchu,1
wok,1
mcdonald,1
notsmoky,1
notsurprise,1
noteasy,1
cad,1
yogurt,1
blueberries,1
foam,1
span,1
longerit,1
demisejust,1
twilight,1
tattoo,1
glitzed,1
jacket,1
duringbefore,1
hipsters,1
friendlychatty,1
notbusy,1
pints,1
rum,1
taxfees,1
casinoasking,1
ashamed,1
uptighten,1
printer,1
nomore,1
3yrs,1
china,1
moscow,1
mule,1
hefty,1
budgetconscious,1
wouldplay,1
makeup,1
downsview,1
individually,1
rewatch,1
nottale,1
notcomes,1
luckymans,1
festivals,1
52,1
notpermitted,1
gentlemen,1
cordoned,1
fascinate,1
stickiness,1
3160,1
jalapenos,1
paddy,1
ginger,1
wave,1
subdue,1
mneu,1
orpheums,1
indication,1
progress,1
wouldadvise,1
asparagus,1
steamer,1
neverbecomes,1
overdo,1
toppings,1
mainstay,1
benedict,1
avocado,1
neverserved,1
pilaf,1
blend,1
danish,1
pastries,1
pancakes,1
lamp,1
unnoticed,1
neverreplaced,1
versions,1
batch,1
mushroom,1
quiche,1
notkept,1
rubbery,1
oven,1
huddle,1
goodlooking,1
notcorrect,1
misrepresentation,1
notmention,1
nothearing,1
eldorado,1
notsince,1
notenjoyable,1
controllable,1
biggie,1
presumably,1
notca,1
animals,1
wouldnothave,1
carrier,1
loveable,1
phobia,1
selfishly,1
notsuch,1
health,1
notregulates,1
unlikely,1
notlean,1
hmm,1
amazingi,1
queso,1
shred,1
soundfinally,1
movienow,1
assholesgetting,1
comped,1
notlive,1
notexactly,1
chick,1
endure,1
aerons,1
nastiest,1
vomit,1
immature,1
hiccup,1
brats,1
notconstantly,1
demand,1
expierence,1
roller,1
digiorno,1
tastier,1
california,1
whack,1
suicide,1
squad,1
timebut,1
unbearable,1
2025,1
rollers,1
permanently,1
hilltop,1
cavernous,1
notcramped,1
neverrule,1
neverfirst,1
butbut,1
575,1
boom,1
bimbo,1
notthough,1
sinister,1
restauranttheatre,1
alaska,1
pointless,1
firstcomefirstserve,1
notdirectly,1
unknowingly,1
allyoucaneat,1
g13,1
nopurpose,1
wouldnevercome,1
funnily,1
newmarket,1
gwillimbury,1
yelppers,1
stress,1
notraise,1
2horrible,1
ontop,1
notagain,1
intention,1
830pm,1
morningafternoon,1
740,1
2030mins,1
skinny,1
1225,1
spicy,1
drummettes,1
notportion,1
dummettes,1
1525,1
smc,1
notpass,1
1115am,1
cod,1
extensive,1
lemonade,1
melt,1
nothot,1
sayin,1
offpicked,1
silverwaredishes,1
notpaper,1
length,1
unobtrusive,1
notdetract,1
deduct,1
pics,1
classy,1
smgs,1
narai,1
conflict,1
supergreat,1
notsogreat,1
juggle,1
beast,1
notoily,1
plump,1
moist,1
milkshakes,1
noserver,1
nomilkshakes,1
notdrop,1
noadult,1
placeme,1
soundtracked,1
notbought,1
squish,1
notdark,1
fooddrink,1
itnext,1
sooner,1
explosions,1
service1,1
nocontrol,1
notoffering,1
tuesthurs,1
notspecials,1
profitable,1
digiplex,1
prasada,1
ipics,1
nap,1
neverhave,1
everythings,1
audiophile,1
ymmv,1
notindicative,1
notcushiony,1
2pm,1
pinball,1
freeforall,1
irritable,1
calamity,1
conjuredup,1
notmember,1
expectation,1
bath,1
soap,1
germs,1
germ,1
beg,1
nottheirs,1
nottype,1
dawn,1
nohappy,1
nopersonal,1
overstaffed,1
swanky,1
moviegrill,1
notexecute,1
expectedly,1
not12,1
chairtables,1
knife,1
waltz,1
dab,1
streamline,1
notrely,1
pathway,1
hazard,1
commend,1
nathan,1
andrew,1
safely,1
quietest,1
homecoming,1
nestea,1
displease,1
ex,1
wage,1
schmuck,1
sidelove,1
longevity,1
unfriendly,1
stainless,1
steal,1
jetsonlike,1
pathways,1
overhwelmingly,1
nocentral,1
preferences,1
nohussle,1
glamourous,1
gutter,1
stories,1
visuals,1
charmless,1
depotcanadian,1
nodiscernible,1
mcuh,1
notdrain,1
meetups,1
generlly,1
oldlol,1
recover,1
overnight,1
nevercomes,1
horrific,1
disgustingly,1
bitter,1
gevalia,1
neverdisgusting,1
methinks,1
hammer,1
plesant,1
sleek,1
pipe,1
controlsthey,1
flipup,1
forcefully,1
manually,1
lever,1
notmoving,1
showstopper,1
nosign,1
necessary,1
hu,1
breadcrumb,1
notthrilled,1
lightly,1
shakers,1
bitty,1
packets,1
scoop,1
scooper,1
blank,1
nervous,1
pumpyourselftoacoronary,1
strategically,1
contiguous,1
twofer,1
sly,1
mega,1
lend,1
interchange,1
slat,1
terminate,1
spadina,1
northward,1
shouldturn,1
nothub,1
van,1
mossy,1
yucky,1
flavorless,1
notaccept,1
debitcredit,1
atm,1
shouldreview,1
voluntarily,1
delete,1
diatribe,1
anew,1
towne,1
cannotstress,1
nodifferent,1
disservice,1
8090,1
notinvolve,1
whoopsnow,1
gazillion,1
notconventional,1
shrug,1
shoulder,1
kitschy,1
robotic,1
biz,1
nottime,1
conventional,1
admissions,1
sunridge,1
downhome,1
secondrun,1
designwise,1
sizewise,1
ratracelike,1
notbigger,1
bolder,1
wouldwant,1
bind,1
hallways,1
costco,1
crown,1
extortionist,1
neversure,1
responsible,1
520,1
minuteseven,1
aftermovie,1
stow,1
decrease,1
roadhouse,1
western,1
notgiven,1
roadtrip,1
quesadillas,1
transpare,1
urinal,1
notsees,1
notdiscou,1
notexcept,1
wouldclick,1
wouldrecline,1
hopeful,1
restuff,1
nothelpful,1
allwe,1
cordial,1
notunderstanding,1
snippy,1
den,1
thieve,1
sear,1
notcard,1
fraudule,1
notcharges,1
nottoday,1
abeing,1
nothurt,1
pickle,1
barrel,1
beforemovie,1
nearer,1
indigo,1
altindy,1
malefice,1
notcovered,1
fortunate,1
um,1
summon,1
thousand,1
neverbe,1
distinctly,1
midback,1
southside,1
weaken,1
pastic,1
plunk,1
notunique,1
ck,1
distort,1
wreck,1
chairman,1
casinohost,1
gamblers,1
edge,1
wholly,1
devastate,1
intermissions,1
nuka,1
quantum,1
rotation,1
theatersadmission,1
225,1
krispy,1
kreme,1
hermans,1
playhouse,1
moviefare,1
cinearts,1
logo,1
forewarn,1
fri,1
teen,1
teenfriendly,1
casinomovie,1
fighter,1
dispense,1
creditlike,1
ounces,1
ounce,1
overpour,1
notattached,1
champagne,1
starve,1
nottheres,1
fresca,1
mixer,1
wouldjust,1
weekly,1
aim,1
thurs,1
430pm,1
wouldkeep,1
confirmation,1
meantime,1
inhale,1
515,1
notanother,1
notleaving,1
795,1
initiate,1
placé,1
sympa,1
gunshy,1
3045,1
pouringselling,1
shouldknow,1
notpour,1
101,1
coulda,1
breweries,1
steer,1
emphasis,1
tad,1
expeeeeensiiiiiive,1
dicks,1
cheapie,1
notarcade,1
notjunk,1
stomach,1
rebranding,1
1230,1
ish,1
notspot,1
notrows,1
shouldnotcharge,1
commit,1
bloat,1
500m,1
neglige,1
whoop,1
tater,1
tot,1
askew,1
coldhot,1
dial,1
faucets,1
notcustomer,1
aggressive,1
notolerance,1
530,1
700,1
wouldbegin,1
545,1
plutonium,1
recieve,1
620,1
desirable,1
assignment,1
stephanie,1
notsocrowded,1
dirts,1
headrest,1
downward,1
compensate,1
climactic,1
discuss,1
trufood,1
zinburger,1
ratty,1
hook,1
spur,1
nobeer,1
notcater,1
tie,1
offpeak,1
wi,1
optionservice,1
toggle,1
prickly,1
pear,1
lime,1
maine,1
insta,1
notturn,1
notwarm,1
nobuttons,1
splurge,1
notmoviegoer,1
notpremium,1
seatwhich,1
notawkwardly,1
carte,1
oil,1
waaay,1
environme,1
notlouder,1
quest,1
snackbar,1
spirit,1
slurpees,1
holy,1
anniversary,1
wouldbuy,1
bascially,1
sheet,1
notlounge,1
fruity,1
el,1
corozon,1
master,1
juices,1
tequilla,1
rim,1
printout,1
busser,1
reappear,1
nottwo,1
groupcouple,1
angus,1
bacon,1
oreo,1
nosauce,1
semireclined,1
drip,1
blouse,1
timers,1
nopillow,1
wouldnotchoose,1
againmaybe,1
ash,1
disadvantage,1
bux,1
2for1,1
sneaker,1
apparent,1
nodrones,1
mouse,1
lungs,1
juvenile,1
delinquents,1
override,1
woulddef,1
compact,1
wobbly,1
openclose,1
mirvish,1
alex,1
picturesque,1
shoulddeliver,1
waaaahhh,1
whine,1
drivebys,1
idiots,1
notblock,1
notsupposed,1
9pm,1
illuminate,1
kfc,1
notthin,1
noflavor,1
notstraight,1
nowaits,1
convininet,1
milestones,1
ichiban,1
loblaws,1
dollarama,1
blurry,1
hella,1
apologetic,1
rpx,1
fam,1
615pm,1
slushies,1
twizzlers,1
inlcluding,1
hesita,1
nevergo,1
shawl,1
scarf,1
wesring,1
tableside,1
wheel,1
cart,1
poach,1
curds,1
trio,1
cheesecake,1
brulet,1
amd,1
nounder,1
thisd,1
valor,1
pot,1
slippery,1
unaware,1
notscreen,1
wouldprovide,1
calamari,1
itemize,1
shady,1
notread,1
remark,1
notcost,1
27,1
nevergone,1
byocbring,1
prepurchased,1
lil,1
23,1
independentforeign,1
marvel,1
ava,1
notgarde,1
415,1
wolfpack,1
core,1
cringe,1
lineups,1
neveroverly,1
ballpark,1
notrage,1
juliet,1
naked,1
edgy,1
aid,1
comment,1
ummthat,1
yield,1
ballantyne,1
vendors,1
norush,1
noneed,1
samosas,1
wheneverwe,1
78,1
enthral,1
newness,1
41413,1
bopper,1
harris,1
teeter,1
restrictions,1
1117,1
behavior,1
fuddy,1
duddy,1
ra,1
inherently,1
unattended,1
surely,1
owww,1
junky,1
employ,1
furry,1
rainbow,1
snotty,1
neverordered,1
tinkle,1
drown,1
thunder,1
wouldotherwise,1
affair,1
wouldonly,1
extol,1
virtues,1
gloat,1
everyday,1
grubby,1
overflow,1
offputting,1
sweep,1
particles,1
etobicoke,1
transformers,1
thereyou,1
experiance,1
recomend,1
nocheck,1
noprice,1
centerpoi,1
notmade,1
notsold,1
shouldactually,1
bierport,1
loveseats,1
notblank,1
wouldhope,1
technical,1
rare,1
spoiler,1
alert,1
dane,1
county,1
nontheater,1
neverfails,1
chaotic,1
debris,1
puddle,1
dispensers,1
hilldale,1
rooftop,1
inexperienced,1
ritzy,1
preconceive,1
notions,1
throng,1
postmillenium,1
yuppies,1
suspicions,1
entirely,1
overdress,1
myriad,1
mediterranean,1
cannotbuy,1
tumbler,1
maam,1
cocktailbeerwine,1
notoverpriced,1
sam,1
adams,1
romantic,1
scumbag,1
fps,1
strobe,1
nauseous,1
civil,1
notreviews,1
onestar,1
explanation,1
noshin,1
monsters,1
forehead,1
pardon,1
cripple,1
ptsd,1
leanback,1
nurture,1
humanity,1
shinsaving,1
bruise,1
notfreakishly,1
speciallydesigned,1
fourstar,1
painful,1
clip,1
enjoyme,1
trim,1
notmainstream,1
popcorncandy,1
wouldnotcome,1
esp,1
touchscreen,1
bricksa,1
mildew,1
rainfall,1
commercial,1
dehumidifiers,1
concrete,1
slab,1
gallons,1
traditionnelle,1
petite,1
ferme,1
activites,1
nourriture,1
goûte,1
semblable,1
celui,1
cabanes,1
amical,1
rapide,1
limpression,1
dêtre,1
fabrique,1
chez,1
constantin,1
jai,1
pu,1
sirop,1
dérable,1
ne,1
vie,1
notpas,1
terres,1
venir,1
dune,1
autre,1
timeplay,1
bomb,1
haventt,1
bargain,1
ick,1
suction,1
830,1
woo,1
uncrowded,1
tonights,1
rep,1
disturbances,1
notintervention,1
t,1
pal,1
notwalks,1
freestyle,1
boys,1
incredibles,1
abruptly,1
upsell,1
410,1
440,1
cineplexes,1
inceptio,1
bourgieghetto,1
scoff,1
noto,1
chitchat,1
notrecliner,1
nevada,1
blockers,1
notearly,1
1055,1
oscar,1
auto,1
poutines,1
1993,1
imply,1
dome,1
outdatedness,1
luxuries,1
notcomplete,1
onslaught,1
wouldcall,1
grateful,1
henderson,1
2007,1
fullblown,1
fullsized,1
cinedomes,1
notdeny,1
casinoparking,1
garageetc,1
verdict,1
eau,1
claire,1
yyc,1
notfreezing,1
stlaure,1
notmain,1
bouge,1
bash,1
experimental,1
soirewhen,1
eventit,1
shouldbecome,1
openly,1
ongoing,1
displeasure,1
nopersonality,1
reflexs,1
relations,1
happily,1
muchhated,1
i17,1
respectable,1
chief,1
lowvolume,1
theatrical,1
shh,1
insist,1
nightmare,1
noda,1
neveranywhere,1
stray,1
davidson,1
woulddo,1
unreasonable,1
wildflower,1
supersize,1
staple,1
notdistrict,1
evolve,1
stool,1
readjust,1
topical,1
eatdrink,1
machinese,1
mayybebut,1
againweeknight,1
playtighter,1
monkey,1
sphincter,1
engagement,1
notstart,1
thong,1
againthe,1
track,1
dialogue,1
notcoming,1
droves,1
discussion,1
flashback,1
remembrance,1
thirds,1
rightmost,1
emergency,1
hardware,1
impairment,1
caption,1
goose,1
bendy,1
contraption,1
snugly,1
annoyance,1
ecperience,1
atms,1
sweeten,1
notaffect,1
joi,1
notsmelled,1
nye,1
creep,1
specially,1
stake,1
exhaust,1
cigaretter,1
asphyxiate,1
hail,1
ceasar,1
grrreat,1
baahaha,1
disruptive,1
notrefund,1
notgamble,1
casinothat,1
oomph,1
ti,1
southpointe,1
notplaces,1
periods,1
therenothing,1
ginormous,1
notcomfy,1
void,1
unfurnished,1
introvert,1
notupdated,1
burbs,1
rack,1
dryer,1
toiletries,1
clock,1
casinofarthest,1
sixth,1
notion,1
oddest,1
unfairness,1
chime,1
nolose,1
strangeness,1
speech,1
pai,1
gow,1
thirty,1
epic,1
cocktailers,1
eighties,1
thongs,1
noplayer,1
haul,1
truck,1
notparking,1
knockoff,1
nothas,1
michaels,1
nofood,1
i15,1
notrenting,1
notlittle,1
applebees,1
smoothies,1
twos,1
tooooo,1
parti,1
notrestaurants,1
itnotnow,1
mon,1
71,1
120,1
defiantly,1
grinders,1
100k,1
tourney,1
notproviding,1
wouldeven,1
starters,1
makeshift,1
flash,1
novel,1
stragglers,1
notshared,1
sentiments,1
princess,1
leias,1
cinnamon,1
buns,1
tipsy,1
screensound,1
notdying,1
restaurantmovie,1
wouldbetter,1
exceptionally,1
multiplr,1
kindsim,1
notlooking,1
notlose,1
bestplus,1
pla,1
lips,1
outas,1
likey,1
notsportsbook,1
bettors,1
del,1
mar,1
delica,1
starhence,1
ratingits,1
residential,1
roombathroomsample,1
tvs,1
noresort,1
cheerful,1
isyou,1
managements,1
tongue,1
saladand,1
mundane,1
notyet,1
ahwatukee,1
combination,1
nightclubbar,1
eventshowing,1
flightbeer,1
sample,1
exceed,1
foodwe,1
cooke,1
strict,1
nophone,1
identify,1
crisis,1
barnightclubtrendy,1
shouldpick,1
sage,1
joyce,1
cosy,1
apartheid,1
seventies,1
spawn,1
tale,1
activist,1
defia,1
notnonracial,1
racially,1
fragment,1
seatingvery,1
arts,1
david,1
hare,1
adapt,1
schnitzler,1
1900,1
sexually,1
explicit,1
unusual,1
arrangement,1
neverfor,1
erotic,1
titillate,1
indece,1
notpornographic,1
exposure,1
london,1
chemistry,1
coital,1
provoke,1
neverprofound,1
fundamentally,1
dialoque,1
significance,1
boldly,1
boundary,1
superb,1
gesture,1
slip,1
irony,1
ephemeral,1
spark,1
overheat,1
flame,1
risqué,1
boundaries,1
rivet,1
herald,1
vanessa,1
chad,1
nobert,1
notactors,1
reays,1
taut,1
director,1
balance,1
pathetically,1
cynical,1
outcomes,1
roles,1
scantily,1
nude,1
tittillating,1
mormon,1
tabernacle,1
choir,1
decade,1
notsexual,1
brutish,1
futile,1
portray,1
glamorous,1
pleasurable,1
gunvordahl,1
mcguigan,1
blonde,1
mutter,1
friendwhat,1
yawn,1
notshare,1
meaningful,1
relationships,1
illusion,1
neverchecked,1
nohelp,1
unapproaching,1
nothills,1
robots,1
magnify,1
inclusive,1
notive,1
 approaching,1
update ,1
commercialson,1
charleston,1
sc,1
painfully,1
whoo,1
hooo,1
themassuming,1
disappointing ,1
reliable,1
theatre ,1
refrig,1
pepsi,1
products,1
wheneveri,1
25th,1
bedroom,1
notdining,1
deli,1
nothotel,1
pinpoi,1
nag,1
remotely,1
consequently,1
checkin,1
notsmile,1
rattle,1
housekeeper,1
perpetual,1
frown,1
conversational,1
noservice,1
abrupt,1
slightest,1
assistance,1
hover,1
mumble,1
distress,1
nurse,1
sensitive,1
patientscustomers,1
govern,1
morale,1
plummet,1
employme,1
remarkable,1
unbiased,1
evaluate,1
longlasting,1
organization,1
02,1
refrigerator,1
noenglish,1
tequila,1
notrate,1
notincluding,1
standup,1
timeprice,1
ratio,1
notlaughing,1
towner,1
noontariotoronto,1
veteran,1
notright,1
nottaht,1
threestarred,1
bang,1
foudn,1
creature,1
habit,1
search,1
stateline,1
casinofrom,1
rope,1
nevereaten,1
casinoit,1
kenomachines,1
24hr,1
cigars,1
lowpriced,1
cigar,1
knowsif,1
keno,1
wouldreplace,1
nostalgia,1
shack,1
daylight,1
attack,1
brave,1
feat,1
architected,1
wisms,1
fremonts,1
14night,1
neverbook,1
feedback,1
notrooms,1
wouldif,1
casinocould,1
unattractive,1
sleazy,1
throwbacks,1
resortoff,1
knowvegasexpect,1
smokebut,1
hanai,1
notinside,1
cannotsit,1
deesgusting,1
notsoda,1
rediculousstaff,1
unrulyim,1
unsafe,1
politely,1
friendliness,1
denominator,1
notchange,1
safest,1
motel,1
casinoout,1
notcasino,1
herethe,1
casinoseem,1
eater,1
spit,1
yuk,1
boil,1
cherry,1
turnover,1
899,1
hotelcasinostand,1
casinoscasinohotels,1
café,1
personality,1
brethren,1
notoffstrip,1
tradition,1
permanent,1
notexperiences,1
interestingly,1
neveractually,1
massey,1
patronconcertgoer,1
acoustic,1
backstage,1
fixturesplumbing,1
instal,1
1930s,1
airy,1
notnearly,1
contraptions,1
stagecoach,1
vallet,1
nopasture,1
conveyance,1
1825,1
strongarm,1
loadingdock,1
horseless,1
carriages,1
crab,1
onstrip,1
casinovibes,1
annies,1
chunky,1
paste,1
consistent,1
shouldof,1
shouldnotof,1
nottasted,1
notrun,1
driver,1
2100,1
transportation,1
630pm,1
800pm,1
license,1
unimpressed,1
reek,1
freshman,1
dorm,1
panthers,1
2516,1
notcasinoto,1
mick,1
foleys,1
wwe,1
international,1
dilapidation,1
notunbearably,1
rapid,1
strand,1
rosewater,1
jon,1
stewart,1
wrangler,1
plaid,1
notwhile,1
pretend,1
bull,1
rider,1
casinoturns,1
pbr,1
circuit,1
secure,1
notclearly,1
disclose,1
cement,1
notaverage,1
priest,1
nostars,1
tiffanys,1
beetlejuice,1
forrest,1
gump,1
wizard,1
bake,1
alorange,1
marmalade,1
pecans,1
sprinkle,1
hubbys,1
stave,1
hollys,1
notsocomfy,1
110,1
incl,1
hooters,1
22nd,1
dd,1
fridges,1
notv,1
guide,1
drawback,1
nomonopoly,1
tycoon,1
notconducive,1
broadway,1
jubilee,1
gong,1
noclue,1
foyer,1
scramble,1
notentrances,1
playbill,1
equestrian,1
grip,1
backfolds,1
notunheard,1
arethe,1
notonce,1
arduous,1
106,1
wouldask,1
notdrink,1
strength,1
noworries,1
jazz,1
510,1
dreadful,1
notcrazy,1
notdenominations,1
paigow,1
downright,1
vitos,1
reupholstering,1
freaky,1
paul,1
rubens,1
herman,1
competitive,1
someplace,1
uninviting,1
noclear,1
shouldgo,1
reunion,1
hotelcasinowith,1
gazebo,1
purposely,1
rot,1
sky,1
notswell,1
ceilings,1
immediate,1
consta,1
notheadaches,1
indoors,1
casinorestaurants,1
streets,1
bj,1
95,1
25hands,1
bellagio,1
massacre,1
weirdest,1
shouldinvest,1
doomsday,1
fallout,1
notsolve,1
lookwatch,1
notlisten,1
casinoneeds,1
smokiness,1
championship,1
antarctica,1
motown,1
thousands,1
fuss,1
background,1
waterfro,1
notopened,1
1990s,1
nottheaters,1
fellow,1
nodiffere,1
notstfu,1
ahole,1
intensify,1
sept,1
2017,1
october,1
alist,1
745,1
httpswwwamctheatrescommovietheatrespittsburghamcwaterfront22,1
guardian,1
restrict,1
rrates,1
notenforced,1
yearolds,1
visibly,1
unaccompanied,1
nevershut,1
pocket,1
observe,1
yearsold,1
parentscaregivers,1
egregious,1
48,1
notsomeone,1
spin,1
theatergoing,1
article,1
homeviewing,1
examples,1
courtesy,1
phenomenon,1
naive,1
sorely,1
exacerbate,1
declare,1
semiabandoned,1
vegasequivale,1
bermuda,1
triangle,1
bizarro,1
shade,1
notconsidering,1
rob,1
argh,1
centrally,1
swim,1
manageable,1
trend,1
serially,1
notfall,1
vibrate,1
skew,1
zebra,1
lanyard,1
nicotine,1
hazy,1
dads,1
6070min,1
not25hrs,1
whisper,1
conversations,1
hype,1
urinals,1
hotelthe,1
edition,1
1600,1
3000,1
sober,1
avg,1
august,1
restura,1
uber,1
nocar,1
1628,1
halls,1
continually,1
slam,1
affordability,1
considerate,1
miguels,1
example,1
utterly,1
assist,1
assista,1
notmanager,1
marry,1
