movie,1252
seat,835
great,699
theater,658
watch,585
time,581
place,515
love,508
ticket,498
movies,477
good,469
popcorn,362
5,342
free,316
3d,315
night,303
best,299
come,292
2,290
like,289
theatre,281
food,279
just,271
drink,266
nice,261
park,259
awesome,238
day,228
now,224
early,220
service,211
clean,207
line,204
price,201
kid,196
buy,190
check,188
new,180
3,179
game,176
not,175
make,166
screen,160
bar,158
imax,157
bring,156
date,154
staff,150
wait,149
tuesdays,147
theaters,147
avengers,147
card,143
no,136
lot,134
fun,132
tuesday,130
film,130
ca,130
way,130
better,128
recline,127
im,126
amaze,125
people,124
online,124
really,122
big,116
1,116
comfy,115
experience,113
dark,112
open,112
super,112
family,111
6,109
hunger,109
use,108
start,108
sure,108
play,105
need,105
room,104
chair,104
youre,98
notto,98
beer,97
little,96
friendly,96
cool,94
saw,93
look,93
cheap,92
order,91
finally,90
say,90
4,89
deal,87
cup,86
small,86
right,86
wa,86
comfortable,86
lol,85
harry,85
sit,85
bad,85
old,84
tonight,84
man,84
favorite,84
amc,83
close,83
star,82
matinee,82
potter,81
worth,80
reserve,80
long,79
snack,79
pretty,79
try,76
enjoy,76
ted,75
crowd,75
weekend,74
vegas,74
fast,72
knight,72
save,72
baby,71
stand,71
harkins,71
sound,71
end,71
purchase,70
bowl,70
work,70
8,69
house,69
busy,67
today,67
ive,67
21,66
serve,66
concession,66
know,66
10,66
large,66
america,66
home,66
batman,65
horrible,65
leave,65
ask,64
rock,64
hours,64
rise,63
walk,63
sell,63
break,63
point,63
thank,62
cinema,61
minutes,61
captain,61
w,61
town,61
eat,60
hangover,60
spot,59
next,59
location,59
reward,59
pass,59
pay,59
street,59
hope,59
thor,59
inside,58
real,58
regal,58
late,58
let,58
happy,57
hot,57
row,57
stay,56
think,56
theres,55
nothave,54
war,54
refill,54
wine,53
black,53
year,53
spiderman,53
win,53
book,53
pack,52
outside,52
hour,51
bite,51
live,50
yay,50
machine,50
money,50
catch,50
transformers,49
discount,49
far,49
u,49
avoid,49
week,48
funny,48
run,48
drive,48
fro,47
buck,47
dollar,47
dirty,47
adult,47
gonna,47
soda,46
floor,46
special,46
worst,46
sign,46
pick,46
brave,46
yeah,45
away,45
expensive,45
midnight,45
ready,45
recliners,45
buffet,44
dinner,44
school,44
hotel,44
arrive,44
venue,44
casino,44
white,43
plus,43
friday,43
extra,43
jump,43
app,43
pirate,43
flick,43
green,43
help,43
15,42
suck,42
mondays,42
cash,42
bathrooms,42
friends,42
huge,42
rude,42
butter,42
visit,42
magic,42
monday,41
smell,41
festival,41
area,41
theatres,41
theyre,41
bingo,41
never,41
beautiful,41
thats,41
wow,41
person,40
d,40
guy,40
half,40
30,40
sunday,40
view,39
crazy,39
vip,39
concessions,39
customer,39
12,39
yelp,38
20,38
validate,38
ice,38
recliner,38
mike,38
birthday,37
7,37
girl,37
available,37
notof,37
water,37
advance,37
box,37
world,37
ok,36
life,36
nota,36
100,36
pm,36
n,36
tip,36
notget,36
loyalty,36
american,36
scene,36
ape,36
xmen,36
feel,35
usually,35
prometheus,35
yes,35
slow,35
stub,34
candy,34
nothing,34
boss,34
youll,34
age,34
mall,34
selection,34
stude,34
recommend,34
days,34
hard,33
party,33
ahead,33
la,33
hand,33
summer,33
station,33
sport,33
safe,33
regular,32
lorax,32
oh,32
phone,32
local,32
office,32
wo,32
offer,32
cheaper,32
years,32
king,32
feature,32
planet,32
dawn,32
double,32
wife,32
dece,31
true,31
upgrade,31
notforget,31
second,31
membership,31
discou,31
entrance,31
dog,31
groupon,31
quality,31
light,30
snow,30
alcohol,30
son,30
number,30
easy,30
6pm,30
uncomfortable,30
group,30
christmas,30
impossible,30
perfect,30
change,30
fandango,30
preview,30
definitely,29
fee,29
indie,29
tix,29
excite,29
gift,29
girls,29
child,29
instead,29
space,29
150,29
glass,29
sherlock,28
dragon,28
hop,28
review,28
mission,28
steel,28
stop,28
notbe,28
sneak,27
mom,27
spend,27
grab,27
gamble,27
season,27
exhibit,27
plan,27
hubby,27
cold,27
sweet,27
expect,27
miss,27
wicked,27
tron,27
red,27
les,27
leather,27
actually,26
table,26
hit,26
stadium,26
stuff,26
credit,26
pop,26
counter,26
choose,26
bet,26
music,26
pizza,26
release,26
lobby,26
saturday,26
premium,26
hang,26
concert,25
haha,25
mib,25
stupid,25
total,25
notbeat,25
phoenix,25
assign,25
bathroom,25
kinda,25
loud,25
nights,25
gotta,25
holmes,24
club,24
absolutely,24
premier,24
notgo,24
tell,24
luxury,24
adults,24
steak,24
lunch,24
disappoint,24
kingdom,24
thing,24
wish,24
beat,24
shop,24
wrong,24
paranormal,24
morning,24
terrible,24
build,23
tattoo,23
matinees,23
swan,23
1st,23
include,23
options,23
senior,23
add,23
spacious,23
moonrise,23
lincoln,23
hate,23
lounge,23
especially,23
thursday,23
laugh,23
class,23
expendables,23
military,23
specials,23
things,23
excelle,22
cine,22
month,22
south,22
program,22
high,22
iron,22
9,22
act,22
cowboys,22
charge,22
plenty,22
las,22
young,22
quick,22
allow,22
totally,22
cost,22
xd,22
cineplex,22
join,22
capri,22
bag,22
corn,22
eve,22
hilarious,22
garage,22
bridesmaids,22
fresh,22
want,21
choice,21
ill,21
coffee,21
ones,21
lady,21
recall,21
dbox,21
wifi,21
size,21
lion,21
heat,21
woman,21
activity,21
medium,21
bottle,21
nottoo,21
talk,21
earn,21
guess,21
slot,21
strip,21
cars,21
blanket,20
near,20
shouldbe,20
kind,20
holiday,20
employees,20
50,20
notwait,20
fantastic,20
action,20
whats,20
notthe,20
comedy,20
boy,20
noteven,20
story,20
earlier,20
suit,20
prepare,20
older,20
court,20
limit,20
immortals,20
center,20
chronicle,20
battle,20
afternoon,19
fan,19
25,19
zero,19
car,19
picture,19
march,19
extremely,19
notwa,19
alien,19
id,19
turn,19
hear,19
4pm,19
11,19
blue,19
members,19
rave,19
luck,19
chicken,19
door,19
mean,19
525,19
warm,19
premiere,19
upstairs,19
2017,19
wonderful,19
fam,19
bourne,19
admission,18
noon,18
arcade,18
john,18
750,18
unless,18
cheese,18
kiosk,18
cinemas,18
boys,18
city,18
x,18
men,18
grit,18
head,18
40,18
till,18
self,18
18,18
rest,18
mr,18
starbucks,18
meet,18
galaxy,18
football,18
wednesday,18
mother,18
soon,18
science,18
legacy,18
differe,18
vow,18
r,18
member,18
breakfast,17
remodel,17
woods,17
notfor,17
boot,17
level,17
seriously,17
locals,17
ur,17
salt,17
convenie,17
cream,17
panda,17
begin,17
able,17
hall,17
wednesdays,17
quiet,17
coke,17
rush,17
omg,16
feet,16
fu,16
entire,16
balcony,16
downtown,16
valor,16
forever,16
fall,16
god,16
benefit,16
crap,16
min,16
download,16
menu,16
wall,16
cafe,16
2nd,16
notcome,16
read,16
parent,16
body,16
highly,16
relax,16
madagascar,16
fuck,16
puss,16
cause,16
hobbit,16
teacher,16
fry,15
daughter,15
later,15
complain,15
list,15
valley,15
freeze,15
quite,15
battleship,15
manageme,15
moneyball,15
notas,15
excellent,15
digital,15
fest,15
stick,15
kung,15
beers,15
set,15
egg,15
ladies,15
yummy,15
notmovie,15
muppets,15
sundays,15
seniors,15
tequila,15
worlds,15
meal,15
van,15
twilight,15
manager,15
shirt,15
notand,15
awful,15
delicious,15
eye,15
dead,15
lantern,15
race,15
atmosphere,15
annoy,14
rat,14
friend,14
trek,14
carter,14
idiot,14
maybe,14
code,14
ipic,14
jack,14
learn,14
anymore,14
art,14
happen,14
smurfs,14
security,14
leg,14
bear,14
da,14
events,14
nachos,14
lil,14
band,14
mins,14
bout,14
trip,14
website,14
22,14
beauty,14
ridiculous,14
restaurants,14
event,14
business,14
disgust,14
couple,14
okay,14
longer,14
fancy,14
easier,14
store,14
woo,14
wifey,14
gun,14
treat,14
spider,14
wear,14
godzilla,14
p,14
smoke,14
care,14
14,13
az,13
social,13
finish,13
tiff,13
holy,13
weekdays,13
mix,13
kiosks,13
forget,13
notat,13
dictator,13
inception,13
cinemark,13
underground,13
titans,13
air,13
renovate,13
dream,13
cute,13
iii,13
project,13
draft,13
sister,13
short,13
skip,13
notbring,13
support,13
middle,13
ghost,13
update,13
fridays,13
2013,13
valet,13
independe,13
z,13
sad,13
case,13
final,13
drop,13
truck,13
dollars,13
notwith,13
problem,13
servers,13
taste,13
fountain,13
showtime,13
remember,13
shit,13
notlike,13
joe,13
alive,13
vampire,13
fine,13
beware,13
poi,13
poker,13
husband,13
nicest,13
paul,13
insidious,12
wtf,12
nite,12
cut,12
cabin,12
theyve,12
ftw,12
nolonger,12
notin,12
booze,12
shadow,12
style,12
sun,12
seniorchild,12
despicable,12
value,12
avx,12
compare,12
alley,12
charlotte,12
notvery,12
flavor,12
yum,12
contraband,12
spring,12
gross,12
children,12
bird,12
return,12
kick,12
o,12
hell,12
newly,12
artist,12
coupon,12
campaign,12
pool,12
tomorrow,12
rio,12
fork,12
dad,12
prefer,12
kiddos,12
gogh,12
tap,12
poor,12
cocktails,12
tons,12
hopefully,12
boo,12
site,12
popular,12
rain,12
future,12
hoo,12
contagion,12
lose,12
team,12
2011,11
costco,11
west,11
sale,11
word,11
receive,11
die,11
accept,11
ac,11
low,11
private,11
secret,11
fight,11
round,11
tiny,11
burger,11
protocol,11
job,11
notso,11
ralph,11
should,11
heart,11
850,11
step,11
waitress,11
restrooms,11
classic,11
pour,11
notthat,11
bestie,11
affordable,11
yo,11
train,11
studio,11
tour,11
bucket,11
nottake,11
st,11
skyfall,11
650,11
combo,11
ass,11
state,11
notknow,11
juliet,11
notsee,11
1000,11
rango,11
notrecline,11
ball,11
los,11
dine,11
reason,11
tiff13,10
folks,10
ides,10
wrath,10
possible,10
sticky,10
nearby,10
general,10
underworld,10
475,10
tshirt,10
j,10
5050,10
chick,10
smaller,10
public,10
savage,10
lucky,10
server,10
woohoo,10
surprise,10
timeplay,10
careful,10
ride,10
enter,10
chance,10
idea,10
glad,10
button,10
shrek,10
sleep,10
wreck,10
bro,10
higher,10
east,10
players,10
noton,10
epic,10
comfort,10
guarantee,10
holders,10
gravity,10
cocktail,10
stale,10
hunter,10
woot,10
huntsman,10
scary,10
mini,10
refund,10
schedule,10
shoot,10
normal,10
wouldbe,10
pricey,10
300,10
renovations,10
chill,10
apparently,10
dolby,10
cover,10
odd,10
oyster,10
forward,10
brother,10
du,10
e,10
notbuy,10
past,10
angeles,10
paper,10
steal,9
furious,9
chilly,9
search,9
taker,9
f,9
fix,9
notrow,9
notdiscounts,9
audio,9
bonus,9
horse,9
coupons,9
til,9
waste,9
wed,9
60,9
jan,9
500,9
ultra,9
shake,9
scan,9
north,9
bed,9
overprice,9
damn,9
mia,9
notworth,9
24,9
hornet,9
july,9
wing,9
icee,9
kill,9
face,9
kettle,9
m,9
lone,9
ago,9
empire,9
company,9
email,9
sushi,9
madness,9
block,9
bang,9
notwaste,9
notis,9
renovation,9
moon,9
toronto,9
titanic,9
escalator,9
prior,9
latest,9
45,9
mind,9
casinos,9
lazy,9
escalators,9
fav,9
reasonably,9
alright,9
blockbuster,9
bargain,9
remind,9
notreally,9
notmind,9
modern,9
chain,9
musical,9
notbeen,9
square,9
purse,9
scream,9
sunset,9
probably,9
roll,9
tv,9
pull,9
worse,9
youve,9
issue,9
abraham,9
notbad,9
felt,9
adjustme,9
notbureau,9
3rd,9
notdo,9
exit,9
stall,9
evil,9
toy,9
uber,9
reasonable,9
items,9
nobody,9
et,9
tight,9
incredible,9
follow,8
2016,8
video,8
rarely,8
brand,8
write,8
hp,8
diary,8
le,8
helpful,8
ha,8
select,8
ya,8
thursdays,8
hotdogs,8
convenience,8
documentary,8
grill,8
aware,8
reunion,8
tourist,8
tues,8
fair,8
refillable,8
jam,8
kings,8
usual,8
teens,8
quickly,8
hey,8
ugh,8
hold,8
mobile,8
zoo,8
250,8
anniversary,8
wide,8
note,8
locate,8
fyi,8
sorry,8
gatsby,8
purge,8
hella,8
flight,8
welcome,8
pan,8
2015,8
ghetto,8
provide,8
jacket,8
argo,8
restaura,8
base,8
à,8
sparkle,8
reald,8
yesterday,8
feb,8
550,8
lovely,8
downstairs,8
blow,8
weird,8
elevator,8
express,8
theme,8
consider,8
grand,8
setup,8
destination,8
largest,8
series,8
en,8
cozy,8
bday,8
ruin,8
hugo,8
ppl,8
score,8
maintain,8
weeks,8
bartender,8
overall,8
fighter,8
main,8
matt,8
pre,8
dance,8
cuz,8
mark,8
minute,8
par,8
suggest,8
tower,8
gold,8
scott,8
bitch,8
notdiscou,8
share,8
tall,8
rail,8
outdoor,8
twice,8
notexpect,8
450,8
power,8
gnomeo,8
everyday,8
vs,8
ballet,8
trust,8
volunteer,8
collect,8
filthy,8
casinoand,8
window,8
devil,8
ryan,8
amphitheater,8
mirror,8
major,8
2018,8
bam,8
problems,7
confuse,7
drag,7
facility,7
womens,7
horror,7
network,7
consession,7
wimpy,7
sear,7
throw,7
cough,7
fave,7
shame,7
phx,7
capt,7
selections,7
dear,7
plastic,7
notsure,7
families,7
y,7
notmiss,7
policy,7
plush,7
speech,7
access,7
june,7
mar,7
afternoons,7
arthur,7
bc,7
hanna,7
theyll,7
checkin,7
zone,7
marathon,7
citizen,7
moviepass,7
cherry,7
notit,7
entertain,7
amou,7
oscar,7
currently,7
notuse,7
notid,7
opera,7
superman,7
fockers,7
gourmet,7
notthink,7
lee,7
peep,7
shut,7
dump,7
bartenders,7
push,7
costcobest,7
match,7
cage,7
broadway,7
conan,7
1050,7
entertainme,7
groupons,7
faster,7
grub,7
muppet,7
months,7
trailers,7
annual,7
fitness,7
hype,7
bore,7
princess,7
tangle,7
beast,7
fat,7
paranorman,7
miserables,7
teenagers,7
normally,7
jurassic,7
warriors,7
alcoholic,7
bunch,7
todays,7
option,7
5pm,7
pittsburgh,7
convenient,7
s,7
wonder,7
nothere,7
notor,7
souvenir,7
warn,7
bomb,7
notsit,7
canada,7
camelview,7
prime,7
don,7
pray,7
employee,7
original,7
notfilms,7
oz,7
drug,7
heck,7
validation,7
april,7
closer,7
buddy,7
suppose,7
freak,7
pain,7
mama,7
field,7
touch,7
single,7
effect,7
smokey,7
crew,7
mis,7
noone,7
4th,7
thirty,7
wolverine,7
winter,7
limitless,7
watchin,7
queen,7
loose,7
ranch,7
page,7
13,7
feast,7
raise,7
cake,7
listen,7
guardians,7
stinky,7
golden,7
jackass,7
tear,7
arizona,6
simple,6
appreciate,6
internship,6
filipinomovies,6
inexpensive,6
usa,6
nolines,6
sea,6
customers,6
surcharge,6
billy,6
cross,6
din,6
neverbeen,6
correct,6
speak,6
corner,6
diet,6
b,6
brothers,6
mon,6
wthe,6
pepsi,6
tim,6
auditorium,6
notjust,6
depend,6
comps,6
eclipse,6
hollywood,6
cashier,6
strong,6
grind,6
acoustics,6
august,6
ultimate,6
highness,6
t,6
desk,6
burgers,6
centre,6
wolf,6
similar,6
sweater,6
blast,6
lmao,6
costume,6
toilet,6
register,6
16,6
tail,6
shots,6
fashion,6
doc,6
jiro,6
process,6
notbelieve,6
beverage,6
spoil,6
foreign,6
increase,6
725,6
grey,6
docs,6
celebrate,6
soft,6
punk,6
cave,6
michael,6
earth,6
flat,6
c,6
facebook,6
market,6
stage,6
notenough,6
tho,6
pri,6
brunch,6
vous,6
0,6
darn,6
tasty,6
se,6
rip,6
shes,6
notgood,6
arm,6
harold,6
kumar,6
beverages,6
require,6
bond,6
eric,6
poppers,6
penguins,6
neck,6
cleaner,6
delish,6
chris,6
scar,6
apollo,6
heist,6
straight,6
nicer,6
travel,6
munch,6
individual,6
fit,6
notsuck,6
bank,6
gettin,6
electric,6
hungry,6
dress,6
completely,6
bummer,6
nottickets,6
doors,6
10pm,6
fact,6
reservations,6
paris,6
notneed,6
replace,6
une,6
type,6
oil,6
499,6
source,6
favor,6
pillow,6
cell,6
sitter,6
outstanding,6
solo,6
explain,6
g,6
em,6
conjure,6
fabulous,6
sisters,6
guard,6
actors,6
nutcracker,6
urine,6
mess,6
lawn,6
key,6
section,6
engagement,6
niece,6
recently,6
reduce,6
gem,6
reservation,6
margarita,6
ntdm,6
leanne,6
yugo,6
moms,5
winnie,5
pooh,5
variety,5
ben,5
mi4,5
trailer,5
marquee,5
hes,5
tough,5
bb,5
notany,5
height,5
silly,5
yelpers,5
elliot,5
upper,5
cinéma,5
notserve,5
load,5
silver,5
notservice,5
wouldhave,5
neighborhood,5
dinein,5
suite,5
bigger,5
tintin,5
nut,5
fear,5
margaritas,5
freque,5
thurs,5
host,5
typical,5
darkness,5
unstoppable,5
nevercrowded,5
spy,5
55,5
average,5
prize,5
notgreat,5
managers,5
constantly,5
technology,5
yea,5
mamma,5
mad,5
600,5
127,5
assemble,5
honey,5
redeem,5
patrons,5
course,5
cleanliness,5
80s,5
salle,5
atm,5
775,5
nephew,5
sile,5
sing,5
decide,5
survivor,5
lockout,5
sony,5
monsters,5
pant,5
stairs,5
michelle,5
noother,5
ambiance,5
youd,5
neverbe,5
sauce,5
hmmm,5
fly,5
ironman,5
younger,5
62,5
atlas,5
shrug,5
hockey,5
coolest,5
waive,5
gia,5
speaker,5
notpay,5
rate,5
tissue,5
post,5
tales,5
cleveland,5
med,5
930,5
handicap,5
metro,5
country,5
land,5
arena,5
mention,5
audience,5
toddlers,5
si,5
version,5
promise,5
vegan,5
intimate,5
pocket,5
outdated,5
notorder,5
certain,5
cleanest,5
crown,5
ummm,5
coconut,5
stooge,5
notlet,5
asian,5
advertise,5
motion,5
edgar,5
deck,5
concept,5
attitude,5
chocolate,5
rodeo,5
lead,5
nightmare,5
notdesk,5
rad,5
dumb,5
monthurs,5
haywire,5
jason,5
franco,5
memories,5
peter,5
projectors,5
tdkr,5
notbother,5
notonly,5
attach,5
esplanade,5
craft,5
ins,5
notice,5
non,5
alot,5
period,5
october,5
peace,5
question,5
ii,5
tea,5
rece,5
reside,5
notevil,5
students,5
smoky,5
international,5
angry,5
ruby,5
newest,5
tend,5
gabba,5
lame,5
difference,5
pilgrim,5
bmx,5
machete,5
boom,5
crab,5
simply,5
wanderlust,5
wild,5
possibly,5
dot,5
valid,5
deeds,5
hill,5
history,5
42,5
nomatter,5
attention,5
charm,5
johnny,5
escape,5
additional,5
december,5
smg,5
rule,5
hotdocs,5
construction,5
roomy,5
blackjack,5
force,5
performance,5
wit,5
valentines,5
blind,5
grow,5
understaffed,5
venues,5
shoe,5
send,5
ridge,5
perry,5
denzel,5
deliver,5
pretzel,5
jon,5
marcus,5
draw,5
fright,5
figure,5
minion,5
flavour,5
scottsdale,5
neverhad,5
advantage,5
notprices,5
guest,5
timothy,5
phenomenal,5
awhile,5
v,5
veterans,5
sliders,5
lanes,5
notcomplain,5
nevergo,5
courteous,5
soul,5
cedar,5
newer,5
nottell,5
thumb,5
kong,5
cinebarre,4
invite,4
buzz,4
notmake,4
sandwich,4
filipinomovie,4
killer,4
elite,4
weve,4
restroom,4
hair,4
pair,4
sense,4
sick,4
easily,4
areas,4
selfserve,4
challenge,4
babe,4
complex,4
quarter,4
downhill,4
butler,4
wifes,4
flip,4
likely,4
health,4
coat,4
fri,4
1150,4
economy,4
bernie,4
smart,4
award,4
promo,4
mummies,4
stomp,4
projection,4
meh,4
inner,4
barely,4
moonlight,4
junk,4
ample,4
separate,4
smile,4
notfeel,4
weekday,4
sodas,4
bone,4
dvd,4
colombiana,4
sweetie,4
au,4
weather,4
kyle,4
chinook,4
neat,4
millers,4
hotdog,4
incorrect,4
incredibly,4
waiter,4
notall,4
carpet,4
dry,4
addition,4
tire,4
12pm,4
625,4
confirm,4
borrow,4
courtesy,4
hmm,4
salad,4
larger,4
activities,4
climb,4
booth,4
mistake,4
schmucks,4
beginners,4
avatar,4
goodies,4
weekly,4
350,4
dope,4
2014,4
insane,4
jeremy,4
pit,4
distance,4
cuff,4
rent,4
1025,4
825,4
idk,4
clothe,4
wrap,4
degrees,4
intense,4
nomore,4
mmm,4
pickup,4
joel,4
mchale,4
sniper,4
730,4
nevada,4
trays,4
championship,4
descendants,4
desert,4
chimpanzee,4
smallest,4
gammage,4
notshow,4
hitchcock,4
rope,4
attenda,4
notwas,4
sportsbook,4
flow,4
commercials,4
chesse,4
rum,4
diaries,4
inspire,4
directly,4
pacific,4
vintage,4
notthem,4
pet,4
trash,4
votre,4
encounter,4
aaa,4
robert,4
phase,4
bradley,4
anchorman,4
roulette,4
thou,4
decor,4
kitchen,4
swing,4
saturdays,4
literally,4
sis,4
thai,4
ads,4
indoor,4
squad,4
nottuesday,4
ranger,4
foot,4
walter,4
vibe,4
overly,4
lv,4
papa,4
wind,4
hallow,4
couch,4
reacher,4
luv,4
joke,4
nearly,4
matter,4
wth,4
bollywood,4
dans,4
switch,4
hawaii,4
notopen,4
itll,4
million,4
quartet,4
grocery,4
cookies,4
circle,4
ring,4
mi,4
boulder,4
peak,4
buffalo,4
interior,4
complete,4
twin,4
beach,4
automatic,4
slowest,4
palace,4
appreciation,4
narnia,4
island,4
wave,4
django,4
seafood,4
camp,4
sweat,4
notlocation,4
cap,4
surround,4
subway,4
notbut,4
armrests,4
gullivers,4
wedsun,4
cope,4
mum,4
root,4
changeup,4
elysium,4
pump,4
notcrowded,4
chef,4
dude,4
mornings,4
17,4
posters,4
collection,4
layout,4
clerk,4
sexy,4
engageme,4
jlo,4
tourists,4
b4,4
request,4
hrs,4
unlimited,4
road,4
1230,4
lego,4
odds,4
workers,4
prescreening,4
george,4
answer,4
mommy,4
situation,4
finest,4
penny,4
cheetos,4
hahaha,4
hallways,4
jumpstreet,4
restaurant,4
usher,4
tournament,4
women,4
zombie,4
riddick,4
1020,4
omnimax,4
notfind,4
fully,4
california,4
specific,4
roof,4
plaza,4
character,4
drivein,4
sight,4
rider,4
df7nx,4
nicely,4
marvel,4
hubba,4
certainly,4
radio,4
squeeze,4
ignore,4
stamp,4
terrific,4
buffett,4
lower,4
notever,4
classics,4
lack,4
buttery,4
math,4
notticket,4
notout,4
father,4
random,4
unique,4
graveyard,4
mane,4
k,4
actual,4
grinch,4
theather,4
landmark,4
punch,4
unknown,4
gallery,4
awsome,4
cramp,4
degree,4
jonathan,4
cast,4
seek,4
spidey,4
whoop,4
closest,4
shouldhave,4
hp7,4
pound,4
effort,4
gi,4
notallow,4
vehicle,4
nuff,4
noteat,4
brew,4
weak,4
200,4
gosling,4
village,4
comic,4
steve,4
pat,4
hummus,4
dr,4
performances,4
paycheck,4
pretzels,4
bon,4
nevertoo,4
owner,4
pee,4
luckily,4
registration,4
physical,4
dory,4
tha,4
nick,4
possession,4
notseen,4
explore,4
tonite,4
fairly,4
corporate,4
turtle,4
safety,4
katy,4
pizzas,4
mantoms,4
ce,4
casinowith,4
planetarium,4
shower,4
mustard,4
laureyn,4
boeing,4
obv,4
hood,3
teenager,3
regularly,3
tiffnet,3
fh,3
orange,3
female,3
dvds,3
intouchables,3
budget,3
bliss,3
flash,3
ear,3
throne,3
nothaving,3
briana,3
1999,3
polite,3
27,3
oooo,3
11pm,3
dolphin,3
fish,3
manor,3
addams,3
sub,3
keeper,3
pie,3
rachel,3
debit,3
cents,3
burn,3
blame,3
awaken,3
12pm6pm,3
des,3
multiplex,3
discover,3
chillin,3
oblivion,3
agree,3
entertainment,3
jalapeños,3
iphone,3
sample,3
arts,3
arclight,3
mainstream,3
balanchine,3
exotic,3
typically,3
apps,3
bandwagon,3
information,3
showtimes,3
lawyer,3
25th,3
yikes,3
fake,3
notline,3
moviegoers,3
rob,3
vacation,3
restore,3
orchestra,3
seven,3
folk,3
bike,3
netflix,3
toddler,3
automate,3
electra,3
brown,3
minus,3
dispensers,3
patio,3
prop,3
adultsenior,3
um,3
matthew,3
uh,3
henderson,3
bruce,3
dirt,3
ears,3
active,3
mehhh,3
mib3,3
26,3
coronado,3
jflthirty,3
montreal,3
loosely,3
reopen,3
930pm,3
addict,3
weeknights,3
1225,3
pic,3
notbook,3
carribean,3
priest,3
jr,3
jazz,3
awkward,3
pi,3
39,3
caribbean,3
olivia,3
hero,3
pollack,3
repeat,3
finger,3
mesa,3
wet,3
human,3
quicker,3
caesar,3
orangetheory,3
notworking,3
pretsel,3
affair,3
lottery,3
deserve,3
amazingly,3
hardly,3
comment,3
bride,3
handful,3
notyour,3
hurry,3
est,3
bakery,3
cooper,3
solid,3
cray,3
choices,3
hank,3
halloween,3
notmove,3
college,3
notwork,3
notsize,3
cater,3
continue,3
asap,3
nana,3
mature,3
knives,3
regals,3
mechanic,3
channel,3
architecture,3
exclude,3
tradition,3
26th,3
nap,3
abby,3
design,3
saga,3
garbage,3
truly,3
report,3
tray,3
wager,3
entry,3
interactive,3
organize,3
deathly,3
alternative,3
croods,3
sooo,3
famous,3
aux,3
obnoxious,3
thousand,3
norefills,3
prese,3
smartphone,3
ignite,3
slam,3
colin,3
brampton,3
nocustomer,3
875,3
1125,3
nightly,3
kinds,3
lolz,3
marigold,3
575,3
899,3
699,3
randy,3
businesses,3
dracula,3
strike,3
poutine,3
vegetarian,3
string,3
split,3
study,3
laughter,3
not3d,3
anna,3
debt,3
proof,3
pp,3
abduction,3
texas,3
attend,3
hustle,3
mm,3
text,3
242424,3
swipe,3
fridge,3
shakers,3
address,3
bitter,3
voice,3
basketball,3
hurt,3
meatballs,3
instal,3
champagne,3
minimum,3
notgoing,3
nine,3
2012,3
preorder,3
stretch,3
castle,3
lucy,3
hire,3
ultrastar,3
sky,3
promethius,3
stone,3
elevators,3
unlike,3
ton,3
believe,3
brutal,3
loretta,3
notseats,3
package,3
traffic,3
press,3
notavailable,3
notthey,3
810,3
refresh,3
hoodie,3
carry,3
death,3
image,3
layer,3
lake,3
skyline,3
edward,3
creative,3
nuyk,3
visa,3
infinite,3
systems,3
legs,3
deep,3
blurry,3
genius,3
oops,3
casinoemployees,3
bright,3
90s,3
songs,3
french,3
pleasa,3
funday,3
ale,3
booster,3
1130,3
tagalog,3
minions,3
pub,3
improv,3
whos,3
curre,3
lay,3
chicago,3
sams,3
nothad,3
notpark,3
grossly,3
knees,3
nba,3
distract,3
chaos,3
notyou,3
quit,3
electronic,3
doubt,3
baseball,3
guardian,3
environme,3
holla,3
flood,3
range,3
sales,3
mid,3
cartoon,3
playbook,3
notseem,3
guests,3
5th,3
revamp,3
bum,3
bodyworlds,3
control,3
complaints,3
ledge,3
exist,3
invest,3
contact,3
position,3
personal,3
lou,3
notactually,3
printer,3
35,3
flic,3
cheddar,3
display,3
promotions,3
notplay,3
notcare,3
connect,3
1pm,3
scenes,3
midweek,3
admit,3
casinois,3
adventure,3
huntsmen,3
noti,3
corey,3
management,3
principal,3
alice,3
lie,3
butt,3
progressive,3
bur,3
present,3
nacho,3
channing,3
bug,3
record,3
btw,3
mexican,3
ai,3
kelly,3
680,3
notplace,3
cheer,3
billet,3
nocoffee,3
blank,3
exhibition,3
bust,3
joint,3
italian,3
establishme,3
spectators,3
notwin,3
realize,3
sour,3
animals,3
foods,3
checkout,3
sons,3
rocket,3
attempt,3
rsvp,3
depp,3
bay,3
freebies,3
sort,3
nathanson,3
teach,3
basically,3
standard,3
reboot,3
hehe,3
megamind,3
quest,3
generation,3
cousins,3
notaccept,3
throwback,3
pgh,3
spe,3
notlast,3
raven,3
nation,3
10am,3
awake,3
notwhen,3
duke,3
wouldrecommend,3
bf,3
sucker,3
td,3
jenny,3
legroom,3
notrecommend,3
799,3
fold,3
goer,3
howl,3
impression,3
chip,3
homies,3
create,3
york,3
thirsty,3
motorcycle,3
vinci,3
yuck,3
tkts,3
board,3
indy,3
plot,3
justin,3
structure,3
epicenter,3
resort,3
fooddrinks,3
bud,3
miles,3
shall,3
nevercome,3
asleep,3
nottheater,3
yogi,3
southern,3
hr,3
smelly,3
fait,3
avec,3
très,3
voir,3
stream,3
nasty,3
premise,3
950,3
tacos,3
stellar,3
bell,3
warrior,3
christopher,3
rich,3
dang,3
enjoyable,3
showroom,3
church,3
marilyn,3
bloody,3
indian,3
screw,3
gain,3
beau,3
oversized,3
wut,3
gofobo,3
soooo,3
downright,3
thanksgiving,3
clearly,3
cest,3
rid,3
wanna,3
heres,3
gate,3
scam,3
sp,3
bee,3
dirtier,3
log,3
magical,3
boyfriend,3
circus,3
print,3
filmbar,3
avenger,3
calgary,3
spazmatics,3
notmy,3
yorkdale,3
mainly,3
accommodate,3
29,3
notmuch,3
crappy,3
piece,3
007,3
notstay,3
microwave,3
scarlett,3
starry,3
waiters,3
powerful,3
clock,3
taco,3
rim,3
caleb,3
monte,3
carlo,3
perk,3
def,3
notch,3
miserable,3
girlfriend,3
cat,3
fwb,3
lynn,3
journey,3
soir,3
soo,3
environment,3
foldout,3
overrate,3
reve,3
wen,3
track,3
madrid,3
bom,3
notoffer,2
tatum,2
conference,2
police,2
mile,2
engage,2
communication,2
19,2
capre,2
cone,2
jerrys,2
sweetheart,2
map,2
bluetooth,2
towel,2
void,2
debut,2
revoltingly,2
terrify,2
thevoidmovienet,2
drawers,2
morgan,2
maleficent,2
carmel,2
notone,2
accou,2
law,2
superior,2
shouldkeep,2
irish,2
badass,2
expecto,2
bien,2
spread,2
aaron,2
nobutter,2
exclusively,2
circuit,2
meryl,2
streep,2
greet,2
weed,2
530,2
noice,2
wouldyou,2
grandkids,2
fnc,2
song,2
transit,2
apart,2
notgrilled,2
nothas,2
occur,2
assortme,2
sigh,2
18th,2
aller,2
sweaterjacket,2
title,2
ground,2
perfectly,2
oldschool,2
casinofor,2
nocell,2
cancer,2
50s,2
tanzy,2
condescend,2
tornado,2
collin,2
farrell,2
disruptive,2
facilities,2
phil,2
neon,2
tree,2
adjust,2
humor,2
district,2
santa,2
manchester,2
experime,2
waaayyyy,2
sex,2
unfriendly,2
079,2
tech,2
winner,2
notunderstand,2
term,2
awesomeness,2
kat,2
dranks,2
mlk,2
15th,2
delightful,2
creatures,2
mackenzie,2
mms,2
idiots,2
victorias,2
museum,2
juillet,2
août,2
yippee,2
inform,2
heathen,2
screener,2
conveniently,2
china,2
notsticky,2
palm,2
metropolis,2
viole,2
memory,2
lane,2
shoulda,2
walgreens,2
playa,2
tinker,2
tailor,2
soldier,2
closure,2
anonymous,2
fiesta,2
reply,2
scratch,2
incompetence,2
everybody,2
tres,2
belle,2
accidentally,2
elvis,2
costello,2
butterfly,2
liam,2
neeson,2
dinosaurs,2
3pm,2
drama,2
elbow,2
1075,2
tu,2
900,2
trick,2
notnight,2
ensure,2
400,2
ft,2
adrenaline,2
celebration,2
uniform,2
suddenly,2
gum,2
beerfest,2
overhaul,2
melancholia,2
mens,2
apply,2
earplugs,2
steaks,2
495,2
brightest,2
23,2
filipinotime,2
mmmm,2
noneed,2
ohhh,2
gordon,2
10mins,2
panther,2
jo,2
trouble,2
neveropen,2
sept,2
rudest,2
crush,2
notgotten,2
nostalgic,2
regardless,2
windows,2
twist,2
whack,2
armchairs,2
notcinema,2
115010751050,2
137510751050,2
1325,2
1525,2
bypass,2
fifty,2
shade,2
vanilla,2
outdoors,2
distortion,2
95,2
yongedundas,2
festivities,2
mental,2
canyon,2
donnie,2
swear,2
impressive,2
odor,2
tune,2
deadly,2
dozen,2
fb,2
accordingly,2
loungebar,2
badly,2
university,2
recreational,2
complimentary,2
nerds,2
rooftop,2
eligible,2
yonge,2
utterly,2
spirit,2
wmy,2
danny,2
perform,2
notsold,2
nephews,2
plate,2
nottried,2
promos,2
notshowing,2
nothouse,2
noproblem,2
cc,2
yey,2
clue,2
shhh,2
swanky,2
notdeal,2
relatively,2
spare,2
carl,2
hayden,2
ridiculously,2
bump,2
gamesyes,2
shouldgo,2
notdeserve,2
60s,2
af,2
appear,2
spa,2
excuse,2
january,2
imo,2
hammer,2
peanut,2
ms,2
sake,2
piggy,2
ah,2
lors,2
sortie,2
del,2
brad,2
pitt,2
gorgeous,2
wooo,2
je,2
creaky,2
hmmmm,2
understand,2
newish,2
x2,2
oven,2
flixster,2
slurpees,2
immature,2
brendan,2
fist,2
q,2
tribute,2
locally,2
winebeer,2
warhorse,2
narrow,2
kim,2
booyeah,2
whoa,2
yup,2
healthy,2
sweets,2
chaching,2
healthier,2
suicide,2
media,2
xmas,2
dundas,2
filipinos,2
dislike,2
valentine,2
andor,2
notalways,2
supervisor,2
ro,2
menus,2
redbox,2
80,2
bs,2
notfood,2
yoga,2
continental,2
owners,2
pjs,2
sail,2
vouchers,2
speed,2
luminato,2
stranger,2
factor,2
ways,2
percy,2
jackson,2
upscale,2
crawl,2
lap,2
consiste,2
65,2
wil,2
intermission,2
lundis,2
800,2
tax,2
wouldpay,2
info,2
ridley,2
player,2
kickin,2
extensive,2
nuggets,2
test,2
travis,2
frustrate,2
prep,2
rare,2
ability,2
gravy,2
mushroom,2
5oz,2
artsy,2
antman,2
norterra,2
totall,2
bodyguard,2
risk,2
blah,2
8pm,2
elses,2
675,2
arrival,2
alert,2
unorganized,2
pork,2
tag,2
troopers,2
equalizer,2
affect,2
shoulddo,2
spectacular,2
chuck,2
downgrade,2
queue,2
claim,2
interact,2
leftovers,2
notway,2
edge,2
russians,2
unchain,2
casinobar,2
drool,2
labour,2
nfl,2
lean,2
slayer,2
cloudy,2
overflow,2
glendale,2
humans,2
direct,2
steakhouse,2
57pm,2
wouldthink,2
al,2
rhythm,2
aliante,2
watcher,2
shouldve,2
amateur,2
goin,2
trish,2
retireme,2
notseat,2
dialogue,2
videos,2
mummy,2
blockbusters,2
fairy,2
peek,2
spear,2
joi,2
nostadium,2
mosaicmtg,2
chernobyl,2
tshirts,2
notleave,2
spark,2
425,2
whip,2
700,2
notstop,2
sur,2
wallet,2
indigo,2
moveme,2
vary,2
auditoriums,2
mommies,2
murder,2
10th,2
tx,2
motorize,2
whaaat,2
uncle,2
naked,2
uncomfy,2
loungers,2
student,2
elderly,2
fountains,2
messy,2
remarkable,2
ordinary,2
musketeers,2
notpeople,2
bbq,2
competition,2
ahhhh,2
bfast,2
musty,2
photography,2
charity,2
tue,2
vest,2
mcdonalds,2
assure,2
reset,2
accord,2
cinesphere,2
barbecue,2
roast,2
patronize,2
mac,2
identity,2
hobby,2
steep,2
potato,2
jubilation,2
chico,2
accumulate,2
casinoid,2
starve,2
1995,2
tempt,2
paranoia,2
99,2
practically,2
notallowed,2
marry,2
seein,2
sarah,2
notdrive,2
rear,2
scout,2
taller,2
finals,2
28,2
sympathetic,2
gayla,2
creek,2
reach,2
talkative,2
toppings,2
obstruct,2
projector,2
language,2
colorful,2
mitty,2
bye,2
cultural,2
handle,2
mockingjay,2
fab,2
daily,2
donuts,2
eager,2
cannotwait,2
dare,2
slop,2
1012,2
3000,2
worthy,2
8th,2
yrs,2
macys,2
7pm,2
730p,2
reindeer,2
jim,2
notdress,2
subscribe,2
newsletter,2
thankful,2
kinetik,2
stare,2
pt,2
ncaa,2
lineup,2
quai,2
hooray,2
barrymore,2
partition,2
production,2
legally,2
blonde,2
neverhit,2
memorable,2
germany,2
amenities,2
different,2
news,2
smith,2
thatll,2
common,2
eagle,2
grace,2
notassigned,2
aside,2
congrats,2
fiddler,2
fail,2
sober,2
footloose,2
1750,2
hahahaha,2
greatest,2
stephanie,2
license,2
disney,2
massive,2
favourite,2
httpwwwregmoviescomtheatresconcessions,2
siracha,2
itch,2
wordawesome,2
feedback,2
session,2
joseph,2
slice,2
monitor,2
avenge,2
cheapest,2
ramp,2
nerd,2
central,2
outta,2
siblings,2
grandpa,2
kathy,2
preordered,2
notpick,2
customize,2
speakers,2
belong,2
swallow,2
airplane,2
placeme,2
crack,2
retro,2
selfservice,2
debitcredit,2
nom,2
detective,2
hortons,2
debbie,2
orientation,2
il,2
lintérieur,2
lextérieur,2
sans,2
verify,2
tamil,2
hindi,2
douche,2
horrid,2
not2,2
tier,2
uw,2
watchi,2
tp,2
32oz,2
8adults,2
hyde,2
shoulder,2
notselection,2
125,2
decent,2
desire,2
dig,2
classy,2
moments,2
interpol,2
fellow,2
national,2
8am,2
slave,2
entirely,2
pg,2
exclusive,2
cooler,2
9th,2
wonka,2
patch,2
neverhave,2
slippers,2
english,2
lord,2
mason,2
role,2
notclean,2
pints,2
glen,2
farewell,2
vin,2
tad,2
epicentre,2
alarm,2
truffle,2
cina,2
430,2
straw,2
geek,2
hat,2
melissa,2
fizz,2
allergies,2
movienight,2
stephen,2
sondheims,2
jesus,2
christ,2
superstar,2
braid,2
lux,2
despite,2
colder,2
stock,2
111,2
boyz,2
910,2
storm,2
yummm,2
relate,2
clo,2
jeff,2
soup,2
henry,2
noseats,2
insanely,2
aka,2
notspend,2
bully,2
importa,2
shock,2
chat,2
splurge,2
redo,2
710,2
intro,2
favorites,2
34,2
opinion,2
ohio,2
hugh,2
mortgage,2
confusion,2
urge,2
longest,2
craze,2
malibu,2
rainbow,2
beforeafter,2
moviewatcher,2
rite,2
happily,2
phillips,2
avenue,2
tin,2
focus,2
goods,2
comfortably,2
poptopia,2
pad,2
revenge,2
egypt,2
kiddies,2
jill,2
downside,2
chatty,2
disco,2
notchanged,2
aug,2
phantom,2
dolla,2
17th,2
kenny,2
expire,2
timers,2
preshow,2
nolan,2
paradise,2
luxurious,2
rs,2
shenanigans,2
familiar,2
grumpy,2
steakeggs,2
abe,2
gear,2
hi,2
sam,2
amex,2
godfather,2
yah,2
priceless,2
obviously,2
miguels,2
vaut,2
lewis,2
notup,2
bottomless,2
disguise,2
cloud,2
multiple,2
stubbs,2
ford,2
director,2
refreshments,2
hahah,2
sangria,2
cluster,2
fell,2
enders,2
munchies,2
10x,2
distraction,2
grammy,2
andrew,2
asu,2
118,2
whoo,2
playhouse,2
plat,2
reel,2
vintageantique,2
auction,2
2528,2
yuk,2
path,2
anti,2
sever,2
interrupt,2
teddy,2
relive,2
nothesitate,2
pamper,2
mecca,2
notfilm,2
oppose,2
ashtray,2
va,2
raid,2
vault,2
slower,2
byrne,2
strippers,2
quirky,2
difficult,2
shorter,2
quaint,2
casinoto,2
1130am,2
photos,2
chart,2
iconic,2
album,2
cars2,2
72,2
rental,2
pitcher,2
infinity,2
ditch,2
clone,2
headache,2
pepper,2
notfun,2
nina,2
net,2
memorize,2
christown,2
useful,2
equal,2
shack,2
offend,2
cult,2
monty,2
47,2
44,2
lbs,2
hp72,2
reynolds,2
notfall,2
martha,2
notparking,2
bake,2
impress,2
axe,2
benedum,2
generally,2
reception,2
culture,2
brilliant,2
comedian,2
olympus,2
accrue,2
photo,2
anglais,2
environ,2
stationneme,2
que,2
parlay,2
loan,2
jose,2
daddy,2
angst,2
pot,2
pitch,2
rack,2
83,2
hoodwink,2
funnier,2
todd,2
freestyle,2
predator,2
7am,2
cli,2
lineups,2
sunny,2
nottheatre,2
notfrom,2
packets,2
wheres,2
bacon,2
mary,2
grain,2
15m,2
anytime,2
regret,2
labor,2
rome,2
tender,2
underneath,2
surprisingly,2
gary,2
notusually,2
raspberry,2
fooddrink,2
yell,2
teller,2
feed,2
theyd,2
cushy,2
neveragain,2
directors,2
hello,2
deadpool,2
daniel,2
result,2
venom,2
sippy,2
brian,2
notflavors,2
beautifully,2
exterior,2
über,2
fruit,2
susan,2
drown,2
friendlier,2
comp,2
utilize,2
alleys,2
color,2
justice,2
league,2
flawless,2
max,2
conventions,2
exactly,2
cook,2
830pm,2
promote,2
notones,2
huh,2
notcinemas,2
google,2
web,2
mouth,2
notwatch,2
katie,2
civil,2
youth,2
products,2
majorly,2
honor,2
ciff,2
accurate,2
champion,2
calories,2
notapply,2
irishman,2
bow,2
thee,2
disgustingly,2
turbo,2
stressful,2
animal,2
wasp,2
kevin,2
reality,2
celebrity,2
biggest,2
afford,2
wash,2
nomovie,2
alist,2
lodge,2
opportunity,2
beam,2
haven,2
snag,2
memphis,2
tvs,2
seventh,2
7th,2
duty,2
mojito,2
neverpacked,2
hole,2
tuff,2
uff,2
sinister,2
brain,2
richmond,2
wouldnotgo,2
mez,2
pink,2
burlesque,2
immediately,2
educator,2
surfer,2
huka,2
mislead,2
bridge,2
notvalet,2
vendors,2
greatly,2
wayfarer,2
specialty,2
leaf,2
youngest,2
shithole,2
goodbye,2
pleasure,2
amcs,2
harrypotter,2
christian,2
ocean,2
coral,2
reef,2
symphony,2
notfeature,2
poorly,2
rainy,2
stout,2
chili,2
norm,2
bella,2
hippie,2
notjudge,2
mister,2
david,2
curious,2
oo,2
calendar,2
blog,2
bus,2
cab,2
nowhere,2
plague,2
igniteclt,2
cinnabon,2
repo,2
amber,2
coin,2
misfits,2
notgive,2
nazis,2
expendable,2
overcharge,2
399,2
debs,2
bambinos,2
childhood,2
paigow,2
cuddle,2
paula,2
weight,2
stunt,2
grip,2
washrooms,2
diy,2
sucky,2
combos,2
teenage,2
muta,2
notninja,2
neverseen,2
chardonnay,2
dave,2
betty,2
vodka,2
gf,2
suckerpunch,2
fists,2
prisoners,2
refuse,2
dem,2
fascinate,2
notdoes,2
tolerance,2
noservice,2
buff,2
critics,2
nostalgia,2
scotts,2
merf,2
splash,2
und,2
cvs,2
notprice,2
condime,2
lifetime,2
simon,2
1h,2
daiquiri,2
shove,2
wouldnotpay,2
ghostrider,2
unfortunately,2
portion,2
nokids,2
tempe,2
notcheckin,2
picnic,2
karate,2
proud,2
pricy,2
receipt,2
prompt,2
89,2
user,2
britney,2
ninja,2
transformer,2
yorkville,2
caption,2
notif,2
curve,2
guilty,2
yr,2
attitudes,2
charlie,2
plug,2
forum,2
notpost,2
radiohead,2
indiana,2
jones,2
smurf,2
payout,2
no3d,2
amour,2
winna,2
kiddo,2
animation,2
jb,2
cosmic,2
mimosas,2
doo,2
orleans,2
beiber,2
shutter,2
tillman,2
rapids,2
childs,2
notlove,2
tom,2
assista,2
wwwstaticandbasscom,2
beef,2
monde,2
lawless,2
subpar,2
spike,2
capacity,2
moviegoing,2
brandon,2
hulk,2
bassnectar,2
beerwine,2
golf,2
nations,2
slide,2
parentals,2
troll,2
prince,2
notview,2
satisfy,2
hahahha,2
qt,2
baja,2
jung,2
kn,2
famn,2
westhills,2
yard,2
fellas,2
exorcism,2
jeremey,2
11am,2
notstadium,2
hubble,2
highlight,2
6am,2
royale,2
sean,2
fingernail,2
gnome,2
pleasant,2
fraudule,2
notcharges,2
positive,2
375,2
beastly,2
999,2
smuggle,2
ufc,2
jet,2
staaaank,2
unprofessional,2
tnt,2
exercise,2
maker,2
donny,2
wuste,2
noel,2
shiner,2
bock,2
computers,2
disappointment,2
4808379661,2
manage,2
comped,2
loooove,2
loverface,2
orpheum,2
amanda,2
conversation,2
episode,2
bridesmaid,2
luver,2
girlies,2
riss,2
cabdrivers,2
super8,2
ovens,2
belk,2
rapunzel,2
babes,2
avery,2
cirque,2
hd,2
kiana,2
mentally,2
baseme,2
nationals,2
voucher,2
hee,2
patron,2
otters,2
giveaway,2
notdrinks,1
jumpstreetchanning,1
techmunch,1
bloggers,1
accuse,1
daze,1
420,1
deven,1
ethan,1
awareness,1
notvip,1
burts,1
birkdalethis,1
corkage,1
byob,1
soralala,1
curly,1
haired,1
auntie,1
humid,1
dessert,1
misplace,1
nopaper,1
4717,1
nanananana,1
nananana,1
elmo,1
cameo,1
wouldnotmake,1
navy,1
raisinettes,1
rocksjust,1
sayn,1
manatees,1
popcorni,1
notdecide,1
moviedate,1
extendable,1
footrests,1
sadly,1
cannotgo,1
sloth,1
costs1750,1
nocameras,1
notright,1
panel,1
angle,1
differences,1
mezzanine,1
kinky,1
doughnuts,1
nooption,1
bleh,1
nowaiting,1
subject,1
mullets,1
warp,1
guiness,1
whiskey,1
reverse,1
dash,1
heyward,1
imposible,1
dylan,1
patronumfinally,1
meilleur,1
jmy,1
sens,1
depuis,1
basis,1
chest,1
wheelchair,1
fandangocom,1
sorrywe,1
ebay,1
wouldonly,1
notcheetos,1
pronounce,1
christislamakwansakah,1
politically,1
271,1
friendship,1
xoxoxo,1
grandmother,1
carload,1
hangouts,1
notappear,1
notcheap,1
reaaally,1
flop,1
response,1
jot,1
nw,1
clustertruck,1
tale,1
tank,1
shants,1
catchy,1
pitbull,1
bargs,1
powerade,1
2437469,1
teds,1
ewww,1
vax,1
xed,1
vac,1
cines,1
budweiser,1
clydesdale,1
pluses,1
poltergeist,1
thousands,1
temps,1
ness,1
noshooting,1
nithing,1
tge,1
offpoker,1
demetres,1
temperature,1
nottrips,1
freindly,1
tab,1
career,1
productsle,1
httpwwwvalleymoviegroupcom,1
jayson,1
hoffer,1
catchng,1
bat,1
pro,1
tendre,1
cinémas,1
montréal,1
jadore,1
seule,1
ou,1
accompagnée,1
jd,1
cannotbe,1
freeman,1
burton,1
2hrs,1
notworry,1
depressingly,1
hallway,1
americana,1
rod,1
chevrolet,1
shouldpartake,1
529,1
fairview,1
stc,1
aesthetics,1
recallits,1
funright,1
jajajajaj,1
slps,1
maleficentagain,1
wisely,1
passbook,1
oaks,1
sebs,1
myboy,1
stat,1
noise,1
oooh,1
leanback,1
jackie,1
lavenir,1
scientific,1
nothappens,1
occasion,1
ol,1
wrb,1
merigold,1
connection,1
6ixth,1
extortionate,1
ripoff,1
raffle,1
monthur,1
notcomped,1
torontonians,1
6ways,1
crosswalks,1
sofalike,1
abandon,1
retrieve,1
borrowedloved,1
ff,1
notask,1
notfix,1
tuesdayca,1
buckwheat,1
wildberry,1
waffle,1
milk,1
booths,1
chapstick,1
bubble,1
stickers,1
newspaper,1
supply,1
nim,1
marshall,1
amctheaters,1
blvd,1
georobb,1
breakers,1
afare,1
nothv,1
vancouver,1
museums,1
edition,1
concordia,1
thelma,1
louise,1
40s,1
notattempt,1
abruptly,1
tegan,1
yelpin,1
10k,1
cashball,1
jedi,1
subscribers,1
hubbs,1
41117,1
tomb,1
raider,1
spicy,1
tobasco,1
notfabo,1
fastest,1
fritz,1
langs,1
psychopaths,1
tame,1
gratuitous,1
violence,1
psychopath,1
residents,1
donyea,1
tia,1
premovie,1
earlyparking,1
hp8,1
wingardium,1
leviosar,1
10311,1
customerangel,1
investor,1
queing,1
wilkensburg,1
mosquito,1
repellent,1
hellobathrooms,1
bubblers,1
yeahits,1
bubbler,1
wallstreet,1
checki,1
hogwarts,1
godliness,1
notoffice,1
sword,1
veteran,1
crumby,1
tedxcle,1
australia,1
lunchbox,1
fistibrawl,1
rawr,1
mire,1
veronica,1
wk,1
recliningassigned,1
isyou,1
stubif,1
korn,1
centurycinemark,1
oprah,1
fateful,1
3dimax,1
triple,1
729,1
operate,1
breeze,1
conceal,1
bread,1
12pm4pm,1
212,1
notflush,1
transcendence,1
noooooo,1
highnesslove,1
beb,1
maconihay,1
scream4,1
scarymoviecom,1
unemployed,1
buisness,1
participate,1
zipline,1
ontarios,1
ontario,1
tourism,1
authentic,1
otis,1
rihanna,1
pointlesshaha,1
preserve,1
signature,1
cocktailsway,1
dumbfound,1
herefree,1
screeningstonight,1
breath,1
coyotes,1
colorado,1
picturescolumbia,1
hott,1
heal,1
temporarily,1
lulu,1
lemon,1
54,1
notday,1
not1,1
bizarre,1
cornado,1
manang,1
curtas,1
0900,1
valuables,1
trunk,1
230pm,1
blankies,1
adjustable,1
yeaaah,1
hakf,1
biersch,1
notourists,1
tb,1
nifty,1
wgreat,1
filmsi,1
notorange,1
knotnight,1
nottix,1
glare,1
poster,1
bobby,1
yang,1
brk,1
everexcept,1
kate,1
beckinsale,1
notstyle,1
hotz,1
gala,1
barenaked,1
grude,1
joy,1
scavenger,1
hu,1
twizzlers,1
drinkswe,1
laurence,1
anywayspart,1
allaround,1
motown,1
loraxdece,1
seussvery,1
wander,1
booooo,1
flap,1
lips,1
notmean,1
wildfire,1
not119,1
border,1
checkpoi,1
thooooooooor,1
lockers,1
triptyque,1
mayjune,1
90,1
stvincent,1
longish,1
hus,1
burgatory,1
cheat,1
almonds,1
shhhh,1
peel,1
dk,1
steel1220,1
mint,1
repurposed,1
westpark,1
triptych,1
moonpointmovie,1
moonpoi,1
notsupportcanadianfilm,1
caribana,1
popcorns,1
wilde,1
crispin,1
glover,1
asus,1
tuesdaygetting,1
oni,1
notstalk,1
clt,1
palo,1
alto,1
rover,1
labeouf,1
solemnly,1
nogood,1
notgamble,1
sync,1
giant,1
fearcon,1
delia,1
form,1
baaaaaatmaaaaannnnnn,1
rattle,1
notinterviewing,1
touro,1
notcall,1
theaterthis,1
notdoze,1
eerily,1
tedx,1
retail,1
bcs,1
hahhaha,1
soweet,1
anime,1
mandarin,1
ayce,1
eglinton,1
senors,1
mf,1
xds,1
std,1
flower,1
teriffic,1
lopez,1
fakeberry,1
joes,1
notlocal,1
bhoy,1
extras,1
peabody,1
sherman,1
angus,1
4925,1
predators,1
starclass,1
dutch,1
2pm,1
firenow,1
noda,1
semi,1
benders,1
festivals,1
nouveau,1
cinemaends,1
sundaystill,1
shen,1
yun,1
bennys,1
proprietor,1
palache,1
h,1
fag,1
fn,1
gay,1
cancel,1
eeeeeeee,1
neverhas,1
huzah,1
datetime,1
contractors,1
preopening,1
staycation,1
talent,1
annnnd,1
clubhouse,1
945,1
httpwwwcinemarkcomsummermovieclubhouseparticipatingtheatres,1
wreckit,1
mobility,1
phoenixs,1
necessary,1
onboard,1
notconvenie,1
errands,1
shouldnot,1
seatsits,1
ambience,1
moroccan,1
dayso,1
popvich,1
euge,1
groove,1
barthe,1
barand,1
notwana,1
stake,1
texted,1
sanitizer,1
soap,1
collateral,1
driver,1
disappear,1
inconsiderate,1
fus,1
7ammidnight,1
velvet,1
sr,1
francis,1
generalize,1
discard,1
wrappers,1
mockingbird,1
boyhunger,1
heehee,1
préférez,1
originale,1
vérifier,1
présenté,1
versions,1
anglaises,1
nottrès,1
rareme,1
starcité,1
inexcusably,1
disneys,1
feemake,1
newspapers,1
fundraiser,1
asinine,1
redford,1
hoooo,1
laime,1
colossus,1
ahmayzinmngggg,1
shiver,1
prenatal,1
forest,1
ego,1
casinoemployee,1
notempty,1
admin,1
gimp,1
portobello,1
tonightwe,1
snitch,1
nananananananana,1
pff,1
equip,1
projections,1
scratchy,1
celluloid,1
wallstreetmoney,1
neversleeps,1
ricket,1
cutest,1
scalpers,1
relentless,1
f¿king,1
unruly,1
wouldbehave,1
betterif,1
hobbitses,1
bucktuesdays,1
trinity,1
commons,1
plazaburger,1
yogen,1
fruz,1
woooow,1
programme,1
vente,1
vendredi,1
steggsss,1
1230pmassigned,1
moviesboo,1
rza,1
5person,1
whitney,1
perrenial,1
lll,1
upgrd,1
foodbev,1
serviceblanketpillowsvalet,1
notifications,1
maid,1
prisoner,1
miguel,1
penelopiad,1
margaret,1
atwood,1
tlfor,1
notdownhill,1
workout,1
corridors,1
aftevening,1
wfriends,1
yelpjirotanoshii,1
desu,1
classrooms,1
celtic,1
thunder,1
noliquor,1
songyi,1
sora,1
erica,1
willso,1
demonstrations,1
calamari,1
yahoo,1
nobetter,1
fambam,1
moviedo,1
kira,1
slumber,1
weee,1
juices,1
france,1
lately,1
footage,1
esplande,1
nominees,1
secretariat,1
haboob,1
jolly,1
elves,1
grr,1
buuudder,1
30th,1
loooong,1
nevera,1
3060,1
chop,1
bok,1
choi,1
bombcom,1
csr,1
notdays,1
tfc,1
jolibee,1
ribbon,1
hasselfree,1
sickness,1
foodyess,1
200lb,1
maze,1
014,1
mittycoming,1
batch,1
northside,1
teacherin,1
washroom,1
jordan,1
cheryl,1
chubby,1
grave,1
httpwwwsuncoastcasinocomwhatsnewpromotionsallnewdinneramovie,1
infants,1
dish,1
tigers,1
mannnn,1
www,1
strain,1
nocup,1
coldest,1
barqs,1
creamsicle,1
hooky,1
descendents,1
phenom,1
murphys,1
wert,1
theaterhere,1
transformerslets,1
ed,1
damion,1
onions,1
drift,1
vinoand,1
popsicles,1
timeneveragain,1
zepagain,1
xscape,1
notset,1
deafen,1
bundle,1
sazzy,1
agesgreat,1
abortion,1
risingsee,1
katniss,1
uprise,1
ptit,1
francos,1
obtain,1
craig,1
ferguson,1
sanctum,1
chelsea,1
neverstay,1
linkin,1
semilight,1
padmaavat,1
maison,1
bierport,1
apache,1
phinney,1
preselecting,1
opt,1
grimsby,1
mood,1
yippeyaiyokaiyahmofuker,1
messenger,1
slurpies,1
upset,1
xavier,1
flicknothing,1
suffice,1
woof,1
2000,1
bush,1
1899,1
non3d,1
blade,1
runner,1
2049,1
notexactly,1
withe,1
walmart,1
steggs,1
nevergoing,1
hecker,1
stetson,1
advertisements,1
shouldnotbe,1
brief,1
movienot1015,1
neverdiscounted,1
notthroughout,1
wunderlust,1
1175112511,1
142511251150,1
211,1
41715,1
homefro,1
statham,1
february,1
impro,1
drum,1
casa,1
padre,1
goers,1
kcal,1
venetian,1
grant,1
meetingwith,1
knotof,1
ship,1
treatyoself,1
getspoiled,1
clos,1
fringe,1
roommate,1
notbudget,1
coppelia,1
undergo,1
notmatinee,1
mi3,1
chester,1
bennington,1
simian,1
overlords,1
hooooo,1
toffee,1
chillaté,1
boardwalkvery,1
wordbedbugs,1
somebody,1
bastards,1
mighty,1
toilets,1
offmany,1
wouldnotget,1
hook,1
biographer,1
unfortunate,1
persistently,1
unpleasa,1
notodour,1
drinkin,1
560,1
nohassles,1
napa,1
eee,1
notahead,1
footlong,1
pickbridesmaids,1
malefice,1
behavior,1
dj,1
ouija,1
farris,1
slut,1
tg,1
bouts,1
te,1
kleenex,1
incase,1
xtremely,1
ymca,1
davidson,1
terminals,1
migrate,1
hike,1
wetlands,1
spoiler,1
8991199,1
dinnnnah,1
notshouldnotbe,1
nsa,1
boardwalk,1
blood,1
broadcast,1
moviegoer,1
selma,1
returnswell,1
strollers,1
borrowre,1
rampselevators,1
nomnomnom,1
hubbys,1
tristate,1
tradeshow,1
ecstatic,1
everytime,1
speechless,1
2d,1
4k,1
starship,1
rifftax,1
lemmy,1
hahahah,1
damsels,1
distress,1
ownership,1
annihilate,1
shudder,1
smirk,1
oversold,1
friendliest,1
reps,1
ridic,1
whore,1
wireless,1
workman,1
tiff2013,1
tiffmavericks,1
unfking,1
believable,1
whatyawant,1
kickass,1
danzig,1
paypal,1
sweeet,1
elepha,1
sara,1
ks,1
uye,1
gulp,1
rub,1
concern,1
dghtrinlaw,1
notaffiliated,1
amccom,1
wack,1
seperation,1
amx,1
roger,1
evansgreat,1
preseason,1
moana,1
dirtbags,1
suspenseful,1
estate,1
division,1
kentucky,1
dudes,1
nicebut,1
nottilt,1
prosper,1
tgi,1
styrofoam,1
nominate,1
chase,1
independents,1
fd,1
awesomest,1
volume,1
bucky,1
wouldhelp,1
notsomething,1
condition,1
wouldalso,1
classok,1
oksome,1
inconsistencies,1
cameos,1
babyyyy,1
71,1
notconnected,1
grease,1
ahhh,1
discovermastercardvisa,1
ayn,1
rand,1
prophesy,1
1450,1
tickle,1
oy,1
julia,1
contract,1
affiliation,1
dawson,1
colleges,1
ste,1
catherine,1
dragon2,1
20th,1
jewish,1
313,1
austins,1
2398,1
centipede,1
shapebrand,1
dent,1
cameras,1
awesomeeeee,1
winfreestuff,1
waystarring,1
martin,1
sheen,1
emilio,1
estevezsee,1
paranormanhonestly,1
kidsi,1
youngsters,1
marker,1
cotton,1
royal,1
ballets,1
habit,1
carole,1
my1,1
dognacho,1
helpdate,1
westside,1
notscreen,1
instructors,1
wooohooooo,1
fruitvale,1
notsenseless,1
ttc,1
eatpraylove,1
plitt,1
uhh,1
thoooor,1
brrrrrr,1
nebraska,1
gma,1
purell,1
notarea,1
rmb,1
yellow,1
mute,1
waaaaay,1
articial,1
manual,1
application,1
notpurchase,1
crapy,1
suggestion,1
sufficie,1
secure,1
core,1
dorks,1
townsquare,1
ironman2,1
mondaythursday,1
tbff,1
theaterthey,1
yew,1
gamboh,1
notscene,1
notfinally,1
theatrepeople,1
thoughtful,1
justs,1
civilize,1
n9ne,1
yeahhh,1
stoneys,1
notsucks,1
mnn,1
ozzzz,1
1sttbff,1
56,1
eff,1
freeeezing,1
dunlap,1
33rd,1
ave,1
kidos,1
sorryreclining,1
lock,1
feat,1
elliott,1
abs,1
bevs,1
robbery,1
snuggie,1
costa,1
rican,1
flickbit,1
dole,1
shouldorder,1
jammin,1
worky,1
wouldnotrecommend,1
kristin,1
indies,1
notgouged,1
gh,1
cretors,1
containers,1
elevate,1
browse,1
notmidtown,1
dboxes,1
notsimulation,1
priceslots,1
martini,1
jermaine,1
rocker,1
oriental,1
tsoundcheck,1
tso,1
nosurround,1
saleprices,1
basic,1
nod,1
coverall,1
moviephone,1
promptly,1
hootenanny,1
120412,1
tamales,1
shoebox,1
eatdrink,1
3woo,1
theaterbetter,1
hark,1
dive,1
preassigned,1
sheldon,1
201112,1
ids,1
giggle,1
nudity,1
complaint,1
inconvienently,1
verge,1
cumulative,1
literature,1
pertain,1
electronically,1
comeback,1
macaspac,1
350awesome,1
crythe,1
fault,1
tfios,1
jalapenobar,1
scenery,1
houseca,1
109,1
peaceful,1
13ticket,1
lisa,1
fl,1
false,1
pregnant,1
notbusinesses,1
pilates,1
averys,1
confusingdrinks,1
attractive,1
courtyard,1
100714,1
bulletproof,1
thug,1
appeal,1
notespecially,1
103,1
closedi,1
glitch,1
remedied,1
minime,1
notspecial,1
suckat,1
thu,1
cookwhat,1
suboptimal,1
certificate,1
motherfuckers,1
wikipedia,1
first imax theatre,1
america ,1
httpsenwikipediaorgwikiontarioplace,1
ktown,1
notreceiving,1
notimeplay,1
exte,1
charcoal,1
pig,1
jumbo,1
notmatch,1
spill,1
inflate,1
shady,1
theft,1
415,1
sonorisation,1
pourrite,1
pourta,1
notmagnifique,1
rodriguez,1
foutez,1
moi,1
regisseur,1
dehors,1
charkha,1
portal,1
heights,1
skin,1
orie,1
notexpress,1
mindblown,1
mandy,1
huntsmanpure,1
notw,1
revolution,1
sloooooooow,1
mislabeled,1
september,1
nothelp,1
notbreathe,1
supremacy,1
interface,1
mixup,1
noimax,1
‍,1
festiville,1
cation,1
muffets,1
headline,1
titus,1
menciafor,1
freeeeeeeee,1
earlyyou,1
margarine,1
dispenser,1
wei,1
sciency,1
mondaythursdays,1
loccitane,1
provence,1
notmall,1
torrance,1
oversalted,1
beckamac,1
instrument,1
carabinersboth,1
reservebuy,1
40ish,1
headlights,1
ginger,1
handy,1
comfiest,1
momma,1
theature,1
postshow,1
vey,1
notitems,1
mudslideyummm,1
coach,1
bookpay,1
cannotmake,1
uno,1
impromptu,1
bellflower,1
loathe,1
silverman,1
nachohotdog,1
stageplay,1
verdict,1
employ,1
paranorms,1
inefficie,1
notconcession,1
notpri,1
cod,1
notcustomer,1
jokingly,1
goobers,1
coworker,1
perfume,1
bjs,1
toooo,1
essiitteedd,1
awwmazing,1
notcrazy,1
theatersclean,1
packedbusy,1
notboots,1
gyea,1
galaga,1
mustgo,1
nite4,1
bev,1
lucaswhy,1
continually,1
extort,1
uefa,1
foodie,1
currentlycheck,1
severe,1
disconnect,1
notconvenient,1
wouldneverbuy,1
pixies,1
79pm,1
renner,1
considerate,1
unbelievably,1
lightred,1
neverworked,1
parkade,1
altogether,1
equipme,1
material,1
disorganize,1
chaotic,1
daydespicable,1
jonah,1
capin,1
amurica,1
timewoo,1
computerize,1
notexperience,1
mexicans,1
rednecks,1
filipinoand,1
soundtrack,1
quietness,1
cowboy,1
moviesdont,1
grove,1
rudy,1
acoustic,1
seasonnorthwestern,1
ecu,1
usf,1
lsuwinners,1
taxi,1
freakin,1
wouldthat,1
umpteenth,1
timebut,1
rehearsal,1
cinecapri,1
zenshin,1
goyemon,1
gwenie,1
notcandy,1
archery,1
archers,1
novice,1
olympic,1
caliber,1
various,1
ref,1
httpnetworkinvegascomeventthevegasshoot,1
confirmation,1
funspooky,1
notsitting,1
jbr,1
uuhhh,1
shouldof,1
rep,1
wouldhappen,1
ungraded,1
sbarro,1
fatburger,1
bahamas,1
afc,1
brawl,1
338,1
smartwater575,1
notrock,1
wahhh,1
multi,1
nostores,1
boston,1
towne,1
48,1
madding,1
1820,1
notlooks,1
cinars,1
predrinking,1
picky,1
vodkas,1
foooood,1
batpod,1
tumbler,1
10a,1
4p,1
buhbye,1
couture,1
7p,1
priceypretty,1
indians,1
shelter,1
wcolleen,1
provencal,1
ludo,1
biker,1
duck,1
bao,1
chairman,1
mississauga,1
stink,1
disrepair,1
bendedum,1
construct,1
intensive,1
prac,1
steven,1
spielbergs,1
httpmoviesnytimescom20121109movieslincolnbystevenspielbergstarsdanieldaylewishtmlr0,1
dey,1
dancingwhooo,1
jov,1
binks,1
vegucated,1
wristband,1
dedicate,1
outtakes,1
13252425,1
grail,1
noisy,1
ultravx,1
screenyea,1
imposter,1
clearance,1
grt,1
gough,1
notagain,1
wwwc,1
forbid,1
reilly,1
genres,1
noon6pm,1
4000,1
classicyay,1
lammert,1
zomg,1
praise,1
belated,1
michigan,1
wheeeeee,1
dddddoooooooohhhhhhh,1
wooooo,1
hobbitlast,1
watchunless,1
espanyol,1
subsidize,1
nocommon,1
respectful,1
attendants,1
slllllloooowwwwweeeerrrrr,1
moooooollllllaaaasssseeesss,1
sennafantastico,1
essential,1
busiest,1
mode,1
wellproduced,1
notlook,1
soccer,1
arnaud,1
5s,1
httpwwwbizjournalscomphoenixblogbusiness201309harkinsmumoncamelview5spossiblehtml,1
225,1
notmanagement,1
notvibe,1
parley,1
tginba,1
megs,1
httpswwwgooglecomampampcharlotteobservercomnewsbusinessarticle188840369html,1
notgroupon,1
mikewoot,1
cavity,1
smitty,1
excitement,1
wouldu,1
starlight,1
notcoupons,1
ot,1
responsible,1
bravo,1
clap,1
practice,1
proper,1
birth,1
parkinguse,1
shocker,1
cities,1
chafe,1
noparkingsmh,1
solution,1
placevery,1
tedthats,1
extreme,1
blu,1
ray,1
saver,1
slushy,1
lacuna,1
coil,1
ick,1
elseever,1
thoooooor3d,1
the2nd,1
clash,1
notsorry,1
depps,1
faithbcfortmill,1
kevinhart,1
verrry,1
strange,1
richel,1
kompst,1
walleye,1
zooooom,1
sporty,1
forties,1
benefitslets,1
outhahaha,1
merchandise,1
sand,1
karaoke,1
luved,1
charles,1
tina,1
massey,1
bootsmax,1
finishers,1
timer,1
preteens,1
smoker,1
notinvincible,1
ruder,1
filtration,1
hay,1
notstimulate,1
appetite,1
365,1
tokyo,1
7029102392,1
memberfrglvcom,1
theatersgreat,1
theaterawesome,1
manhattan,1
noloitering,1
barrel,1
fml,1
keybank,1
firearms,1
creak,1
obamas,1
terri,1
heh,1
danna,1
emily,1
plum,1
imaginationmy,1
kixx,1
suitable,1
queasy,1
notp,1
properties,1
tiered,1
notexpired,1
packet,1
anny,1
notloose,1
aarp,1
pesto,1
noflavor,1
quesadillas,1
jalapeño,1
fingerprint,1
locos,1
drip,1
memberships,1
roundup,1
comics,1
seethe,1
wynn,1
stratham,1
expendibles,1
levitt,1
oily,1
substance,1
resemble,1
melt,1
bubbly,1
insist,1
notmade,1
notcook,1
fm,1
iiim,1
ounce,1
nouvelle,1
lacage,1
hamilton,1
psyched,1
gangster,1
hoppin,1
notsaturdays,1
useless,1
caneat,1
validationbut,1
looper,1
dat,1
matinée,1
upclean,1
noot,1
bumble,1
theres4,1
capn,1
nt,1
lily,1
beholder,1
doorin,1
notaway,1
nobrainer,1
jane,1
professor,1
notcards,1
vacuum,1
torontofringe,1
boat,1
luke,1
canteen,1
infuriate,1
notyet,1
fourth,1
repair,1
manosteel,1
maxs,1
grade,1
classits,1
notvibration,1
megadeth,1
wonderland,1
capulet,1
shouldmy,1
64,1
sal,1
artwork,1
wallets,1
freebee,1
wouldve,1
ocanada,1
cookoff,1
whitethe,1
cuntsman,1
cupcakes,1
dramatic,1
cheadle,1
gleeson,1
ace,1
kicker,1
notreviews,1
foodcourt,1
rename,1
insurance,1
unpopped,1
kernels,1
nottasting,1
42018,1
neverending,1
legless,1
tucson,1
pbt,1
johnster,1
hawkins,1
freuds,1
outsideits,1
hereor,1
505,1
gloryholes,1
dust,1
om,1
mcclain,1
xd3d,1
db,1
loveinstead,1
grammar,1
wouldshow,1
caisse,1
gratuit,1
grâce,1
île,1
fil,1
scariest,1
notoptimized,1
granddaughters,1
downtowns,1
sophistication,1
pretension,1
notupgrade,1
privilege,1
badger,1
homecoming,1
commemorative,1
pin,1
barlounge,1
dir,1
johnnie,1
hongkong,1
superstars,1
sammi,1
cheng,1
andy,1
lau,1
anthrax,1
philly,1
adjace,1
notrestaura,1
skate,1
notburlesque,1
heineken,1
notpeeing,1
6kids,1
jackass3d,1
fdr,1
hudson,1
bbb,1
hb,1
1230pm,1
notnobody,1
gene,1
punishme,1
nosmalls8,1
grandmas,1
evacuate,1
8914,1
pulp,1
fiction,1
httpdtlvcom20140808weekendeventsaugust8,1
locationless,1
waterfront,1
neveroverrun,1
nevercloses,1
heather,1
eeek,1
starburst,1
sunflower,1
seed,1
stella,1
gucci,1
réserver,1
ligne,1
permet,1
déviter,1
longues,1
file,1
omb,1
gray,1
doctor,1
notsound,1
fiddle,1
seeeing,1
neverwatched,1
spaceballs,1
rundown,1
aisles,1
fountainfrozen,1
tokenfree,1
nothate,1
urban,1
piccolo,1
fornodinner,1
tosca,1
claus,1
miracle,1
34th,1
builder,1
cracker,1
milkshakes,1
fourscore,1
barcode,1
podium,1
successful,1
offense,1
provoke,1
filmsmirk,1
availability,1
nzt,1
deeper,1
pharmacology,1
adverse,1
bath,1
shampoo,1
conditioner,1
veena,1
billion,1
coziness,1
nail,1
promotion,1
operas,1
giver,1
blazon,1
banner,1
notcheck,1
ian,1
casinobecause,1
conservatory,1
penn,1
avengersawesome,1
opportunities,1
cabbie,1
chinese,1
pricier,1
rewatch,1
willy,1
twister,1
aidan,1
neato,1
misti,1
heretime,1
theatergoers,1
pajamas,1
squishy,1
snuggly,1
nomatinee,1
hickory,1
dawnplease,1
thisthe,1
thereawesome,1
stair,1
sassy,1
broad,1
southpoi,1
upoh,1
casinocardholder,1
wouldnotlove,1
hourstheres,1
kaatyyy,1
yaaaaay,1
tori,1
amos,1
mamas,1
rpx,1
campbells,1
peach,1
diesels,1
unbelievers,1
universitytime,1
amcinema,1
someplace,1
theirs,1
1010,1
laundry,1
basket,1
woodchuck,1
cider,1
funnnn,1
bold,1
letter,1
royalty,1
mojitos,1
astound,1
24th,1
camelbackwith,1
notsnacks,1
117,1
anticipate,1
nowworth,1
mcarthy,1
tackle,1
knot,1
moviealmost,1
leavearrive,1
dietary,1
noresponsibility,1
neonopolis,1
watchingred,1
bubby,1
unlv,1
bresson,1
retrospective,1
tetrrible,1
neverplace,1
1030,1
ir,1
toppers,1
cannotbeat,1
cowso,1
takumi,1
fanciest,1
evide,1
noway,1
theaterlook,1
kendrick,1
restrain,1
vegans,1
vegetarians,1
griffin,1
reputation,1
845,1
wilddisappointed,1
houtte,1
crepe,1
suzette,1
partay,1
tolerable,1
cyndi,1
lauper,1
10111,1
ambient,1
chaz,1
meals,1
simons,1
sodarefreshing,1
extraordinary,1
desi,1
lovehate,1
relationship,1
improvement,1
knife,1
pmevery,1
notmany,1
cushion,1
coulton,1
notids,1
th,1
wouldnothave,1
billow,1
lobbybathrooms,1
bangkok,1
notbangcunt,1
shouldjust,1
jekyll,1
gumbo,1
notclosed,1
hustler,1
inout,1
cheladas,1
cavil,1
convention,1
ginormous,1
heavenly,1
snacksdinner,1
goggle,1
notthose,1
tick,1
mattbroome,1
jacuzzi,1
asia,1
witchy,1
heartache,1
adam,1
sandler,1
accent,1
mcguires,1
garfields,1
tammy,1
mobie,1
notlesson,1
fantasia,1
redskins,1
bagel,1
165,1
080,1
noim,1
thamks,1
cci,1
notcounter,1
transmission,1
potosi,1
torontofringe2014,1
cred,1
carf,1
crent,1
notlose,1
yayayayay,1
hysteria,1
paan,1
programmers,1
notsections,1
presentations,1
widest,1
contemporary,1
vanguard,1
breakdowns,1
notdiluted,1
2x,1
bawler,1
stairselevator,1
neveroperating,1
sewage,1
laurie,1
fireworks,1
21jump,1
a1a2,1
marcs,1
2011450,1
1250,1
laneways,1
martian,1
smelloverpowering,1
tee,1
frostbites,1
shavery,1
lyle,1
lip,1
46,1
walkhike,1
exploration,1
yeeeee,1
dysfunction,1
teamer,1
toss,1
adore,1
hardwood,1
lea,1
swoon,1
wellat,1
trump,1
lousy,1
movieits,1
casinohaha,1
hillcrest,1
ne,1
dicks,1
bourdain,1
ripert,1
annabel,1
neverreally,1
ply,1
3am,1
aw,1
ghostbusted,1
herea,1
humongous,1
amenity,1
vendor,1
perkins,1
cineplexs,1
worry,1
woooooooooooo,1
patronum,1
colleen,1
mormon,1
maters,1
ignitecharlotte3,1
lb,1
buffetwe,1
herecasinois,1
sportchek,1
translation,1
noicee,1
111217,1
chamber,1
httpwwwsclvcompromotionsgamingpromotionsaspx,1
inandout,1
remote,1
competitive,1
seatingavoid,1
jeebus,1
notanyone,1
hipsters,1
recling,1
tybo,1
rogers,1
institute,1
mb,1
spotty,1
loggins,1
wrinkle,1
fucknut,1
aurora,1
notfullpriced,1
enjoyef,1
loop,1
101,1
cardboard,1
conclusion,1
noage,1
restriction,1
bento,1
yeahbaybeeeee,1
aid,1
kit,1
roar,1
baywatch,1
1045pm,1
fandago,1
notoffered,1
compensation,1
shouldnothave,1
notput,1
3dnuff,1
sq,1
wouldget,1
condiment,1
nor,1
shotand,1
solve,1
hangout,1
76,1
mastercardvisa,1
satay,1
comb,1
brass,1
todo,1
offline,1
4ppl,1
liza,1
wouldinstall,1
earliest,1
dumber,1
washington,1
descend,1
notchairs,1
multitier,1
aim,1
suckers,1
carrie,1
contrary,1
1195ticket,1
assignments,1
immortal,1
milby,1
010,1
shittiest,1
ishtar,1
nopreviews,1
terminator,1
efficient,1
tingle,1
4530,1
malbec,1
oldest,1
interstellar,1
joyful,1
mozart,1
57,1
welldrinks,1
miquels,1
consistently,1
preassign,1
creativity,1
ooze,1
êtes,1
résidents,1
dhochelaga,1
noten,1
rabais,1
telleme,1
notla,1
peine,1
gooo,1
camel,1
previously,1
users,1
notstress,1
41,1
tiff12,1
trivia,1
kool,1
gangshes,1
negative,1
clarify,1
apple,1
eyetransformersrobots,1
fence,1
ooh,1
notindependently,1
719,1
click,1
cpx,1
tangente,1
dansephenomenal,1
misunderstand,1
nonotice,1
alike,1
hippy,1
alfredo,1
cinebrew,1
churro,1
turkey,1
elderlies,1
notcomfortable,1
claw,1
granny,1
angelica,1
semiregular,1
pending,1
redevelopme,1
wynton,1
allll,1
qa,1
vitos,1
goon,1
nobodys,1
danis,1
schmablin,1
mamblin,1
gamblin,1
worthwhile,1
stainless,1
shy,1
pixie,1
hudsons,1
mediums,1
onlywear,1
wes,1
andersons,1
poignant,1
harvey,1
keitels,1
smack,1
badenpowell,1
blizzard,1
barit,1
assume,1
meat,1
notdisturbing,1
woah,1
classical,1
guitarist,1
elijah,1
wood,1
taime,1
mixingshaking,1
sandra,1
bullock,1
therapy,1
chritopher,1
durang,1
31918,1
weapons,1
wandas,1
manic,1
whirlwind,1
applebees,1
chilis,1
celeb,1
interaction,1
ryerson,1
elgin,1
roy,1
thompson,1
celebs,1
initiative,1
reviewregal,1
outa,1
herewhats,1
depress,1
colonialist,1
socialist,1
helm,1
kimche,1
compton,1
filipinodrama,1
fudge,1
mashup,1
spaceship,1
sliver,1
supper,1
rib,1
empathic,1
spoon,1
mnf,1
1988,1
nottheir,1
society,1
jaw,1
songeeeeee,1
1299,1
chatime,1
cherryberry,1
aroma,1
bueno,1
beatlemania,1
1120,1
3x,1
cordoned,1
elephant,1
native,1
lesser,1
incompete,1
notserver,1
1hour,1
individuals,1
subtitle,1
timberlake,1
eliteit,1
endlots,1
bassnectaaaaarrr,1
vol2,1
frwy,1
wolverines,1
cruda,1
cheya,1
cardigan,1
fayth,1
530pm,1
notluck,1
independence,1
inspection,1
22feb2018,1
revisitation,1
embark,1
danforth,1
11th,1
poppin,1
pirates4,1
10302014,1
neverthere,1
neveranswer,1
tragic,1
charmwe,1
khatherine,1
notwhat,1
notfreak,1
seemingly,1
wont,1
aida,1
jen,1
jay,1
nonearby,1
streetlight,1
oldies,1
wouldnotbe,1
cocktailby,1
waitressin,1
onlyinvegas,1
bruh,1
shouldyou,1
galas,1
notseating,1
wouldcall,1
lotto,1
inn,1
neal,1
norespect,1
cashonly,1
112,1
whimsy,1
folksiness,1
carell,1
abysmal,1
hunt,1
seatyou,1
expecially,1
scenetourage,1
1701e,1
kitty,1
mmmhmm,1
bmo,1
tuffnuff,1
citrix,1
caramel,1
notd,1
nothigh,1
sore,1
ghettolicious,1
casinomovies,1
watchingbattle,1
zupas,1
gurgle,1
freshtival,1
ingonna,1
galaxyyyyyy,1
whilst,1
telephone,1
device,1
chile,1
nerdgasim,1
notclassic,1
soak,1
confortable,1
gloria,1
estefan,1
harlins,1
foreigner,1
appropriate,1
alcoholics,1
transformersa,1
10min,1
ham,1
cow,1
acce,1
noremorse,1
wwwvalleymoviegroupcom,1
pythons,1
spamalot,1
waiver,1
agreeme,1
httptreetoptrekkingcomenstouffvilleeventsontariocelebrationzone,1
minimize,1
fir,1
ziplining,1
para,1
81615,1
zipliners,1
jumpers,1
nominimum,1
participants,1
cheapo,1
fatten,1
yur,1
flab,1
scandalesque,1
bianca,1
movieeee,1
5077,1
arvile,1
refreshme,1
notkit,1
welldone,1
startrek,1
digaplex,1
slurpee,1
twihard,1
noodor,1
jayden,1
jabba,1
hut,1
wouldnotlet,1
brownies,1
tropical,1
smoothie,1
carmikes,1
shockingly,1
fullbar,1
rotate,1
notpass,1
tena,1
b2,1
pussycat,1
bulletboys,1
lillian,1
talented,1
performers,1
lloydie,1
inappropriate,1
hottest,1
dirtyloud,1
neverdid,1
parkinsons,1
sanju,1
nothit,1
asses,1
smoothies,1
transportation,1
2minute,1
crank,1
car2go,1
lvh,1
frampton,1
2200,1
notpremiums,1
explicit,1
jugo,1
juice,1
pbts,1
temptation,1
realistic,1
freddys,1
custard,1
josh,1
40mins,1
notselling,1
notupdated,1
noneighbor,1
distractions,1
settlers,1
ahem,1
statue,1
dedication,1
mastercard,1
dorking,1
allot,1
hummm,1
ils,1
notdes,1
ici,1
hip,1
hoax,1
notable,1
stress,1
tout,1
daccord,1
benoît,1
éviter,1
foul,1
généraleme,1
notpas,1
foule,1
46oz,1
kidfriendly,1
httpswwwregmoviescomtheatresbirthdayparties,1
yuuuup,1
noextra,1
stade,1
contre,1
présentez,1
notau,1
comptoire,1
avez,1
rembourseme,1
notpour,1
notcoute,1
consistent,1
nophone,1
rotten,1
vinnie,1
cinoppoloss,1
weirdos,1
pros,1
sheffield,1
officer,1
riff,1
raff,1
equity,1
comparable,1
tuition,1
canseco,1
mista,1
braaaaaaiiinnn,1
mail,1
lumineers,1
kb,1
versus,1
donation,1
frustration,1
unneeded,1
rogue,1
chi,1
chis,1
transgender,1
surgery,1
nephewhow,1
psycho,1
storyteller,1
thier,1
clueless,1
tsouncheck,1
rancho,1
categorize,1
notconnect,1
hacksaw,1
siever,1
525ticket,1
noras,1
brillia,1
wonderfully,1
blender,1
groundsbest,1
nohassle,1
everywherenoneed,1
wee,1
tiltchairs,1
nogame,1
western,1
1519,1
amcgreat,1
sreenssound,1
jesses,1
coworkers,1
stable,1
fragra,1
waft,1
eateries,1
sweeney,1
blooood,1
underway,1
scissorhands,1
siked,1
vincent,1
murray,1
450person,1
coca,1
cola,1
marshmallow,1
bd,1
hollah,1
incredibles,1
drunkies,1
republic,1
2025,1
madnesevery,1
notretrofitted,1
allday,1
roses,1
yall,1
1823,1
superintende,1
keynote,1
notsmith,1
sofa,1
parmesan,1
paramou,1
gentleman,1
wali,1
jacob,1
notdiscriminate,1
slowly,1
deja,1
vu,1
peplovethegreenrebelution,1
department,1
notinteract,1
background,1
restoration,1
bistro,1
httpswwwscenecahomeaspx,1
harvest,1
laser,1
gilberts,1
15mins,1
preside,1
notlevel,1
loyal,1
jockey,1
plainstandard,1
weekendid,1
forgive,1
offpeak,1
dank,1
relations,1
louder,1
allan,1
reg,1
snuggle,1
pile,1
farmers,1
nosurcharge,1
reek,1
harris,1
teeter,1
premierewtf,1
romeo,1
cgi,1
cannotovercome,1
shitty,1
desperate,1
discrete,1
unobtrusively,1
magically,1
otf,1
rust,1
solar,1
ddr,1
meatza,1
notrate,1
condiments,1
sprinkle,1
backcoins,1
francofolies,1
lionel,1
richie,1
cheapster,1
rescue,1
isha,1
macchiato,1
sexual,1
harassme,1
shouldneverbe,1
tolerate,1
kingsman,1
fifth,1
puffy,1
notfully,1
newley,1
elsinore,1
patience,1
toni,1
erdmann,1
cle,1
rénovée,1
pompeii,1
openingfree,1
moviescoop,1
unkemptbut,1
clooneys,1
bloor,1
monthly,1
noworries,1
waryhave,1
dolly,1
ny,1
nun,1
ooooh,1
mass,1
nowifi,1
noapp,1
theatretheatercinema,1
chihuahua,1
olympics,1
noconcept,1
tosh,1
airways,1
riley,1
neverknow,1
notnearly,1
heinz,1
robin,1
dede,1
crummy,1
stun,1
immaculate,1
notplayers,1
setzer,1
wat,1
onlineyou,1
4hr,1
winners,1
nuesshangover,1
1230p,1
nocrowds,1
teachersee,1
predictable,1
12018,1
ballrooms,1
pls,1
sci,1
fi,1
chimay,1
mat,1
junior,1
1210,1
judy,1
kaye,1
madame,1
morrible,1
coronarita,1
movielol,1
awe,1
not400,1
beaus,1
fedora,1
trap,1
notwaist,1
pickle,1
notslices,1
knock,1
notscreens,1
dxl,1
2350,1
bonamassa,1
leash,1
giants,1
weeknight,1
unaccompanied,1
minors,1
curfews,1
impose,1
notshooting,1
curfew,1
crabcake,1
nobueno,1
sorta,1
450k,1
couldve,1
jackpot,1
statistically,1
unlikely,1
ungrateful,1
photographer,1
oneals,1
narrowuncomfortable,1
armrest,1
partner,1
decrease,1
barbarian,1
notwearing,1
sherbrooke,1
odwalla,1
granola,1
playground,1
webslinger,1
logan,1
conchords,1
continuous,1
pun,1
60s70s,1
era,1
backdrop,1
shakespearean,1
modernize,1
relaxation,1
decendants,1
absolutel,1
ratz,1
relocate,1
commemorate,1
6th,1
6now,1
sweetest,1
worker,1
notcleaned,1
46p,1
cocacola,1
ongoing,1
jerker,1
gilbert,1
mailers,1
dawnwith,1
frequently,1
iimax,1
rentals,1
nowhaha,1
curry,1
einter,1
2¡,1
multigame,1
generous,1
imaxyes,1
lizard,1
monstrosity,1
pies,1
2599,1
frisun,1
cineplexwide,1
notiny,1
maintenance,1
notanytime,1
ted2,1
imagemation,1
scoresheet,1
perpendicular,1
fatness,1
notnear,1
reader,1
monsieur,1
lazhar,1
aparently,1
ciema,1
1is,1
g14,1
dirait,1
quils,1
notrefait,1
façade,1
beaucoup,1
notawesome,1
motambi,1
westjet,1
9262013,1
tic,1
tacs,1
chiclets,1
rubber,1
sunrise,1
mountains,1
seattles,1
wowstaff,1
aroundinside,1
sellsout,1
backpackwalking,1
facesnotcoolnotprofessionaland,1
nottotally,1
unaware,1
notclose,1
mollys,1
2am,1
luckier,1
62018,1
nochange,1
fives,1
getssome,1
webpage,1
notgoogle,1
noshowing,1
dub,1
unfriended,1
scare,1
neverasked,1
respect,1
noisytalkers,1
waitin,1
capmgmt,1
foes,1
nothingnomoreyou,1
fo,1
neverever,1
poutines,1
salty,1
clumpy,1
blackest,1
worship,1
evils,1
lanterns,1
soothe,1
heavy,1
kayak,1
wickedfor,1
djangothe,1
silent,1
mildly,1
amuse,1
waaaay,1
necessities,1
pantomime,1
rotary,1
leadership,1
sorrynoreclining,1
casinoarea,1
inhalation,1
downey,1
70mm,1
jumanji,1
aceept,1
nightfilm,1
imagenationguilds,1
collab,1
aaaaaandagain,1
notsurprised,1
usain,1
bolt,1
flame,1
carefully,1
freddie,1
mercury,1
rami,1
malek,1
robot,1
notcounting,1
popcornbecause,1
drench,1
orchestraselect,1
someones,1
performer,1
113,1
dip,1
noseat,1
humankind,1
617,1
tbh,1
notsmitten,1
cunningham,1
wwworangetheoryfitnesscom,1
yeeeeh,1
mic,1
inseat,1
tidy,1
stain,1
mgr,1
frenzy,1
manners,1
unfinished,1
businesssucked,1
hateful,1
terrace,1
drinksnack,1
noticket,1
disinterested,1
inconvenie,1
notmeans,1
fiance,1
sorbo,1
australian,1
gee,1
notcasinofor,1
nottrue,1
unicollege,1
accomplishments,1
folles,1
calamity,1
330,1
baristas,1
confession,1
consume,1
milwaukee,1
subscription,1
20month,1
moviesweek,1
dasani,1
account,1
carpetingwatch,1
cocoa,1
bless,1
vhs,1
bw,1
notfunctioning,1
properly,1
slightly,1
superfly,1
anndd,1
expedite,1
grrrrrrr,1
seatse,1
retrieval,1
30d,1
604d,1
bidders,1
100200,1
httpsgloriousmotorcyclescomreturningvegasworldslargestclassicmotorcycleauction,1
existent,1
comprewards,1
notinclude,1
fuzzy,1
afraid,1
differential,1
newborns,1
breathtaking,1
nottuesdays,1
grungy,1
refresher,1
bityet,1
ph,1
syrup,1
hump,1
entrees,1
5ce,1
surrender,1
nodoubles,1
noinsurance,1
nolet,1
20x,1
catalina,1
50x,1
100x,1
watermelon,1
purée,1
slushie,1
monume,1
notmen,1
overbe,1
willingness,1
mop,1
ickk,1
nogarbage,1
filthymice,1
prepping,1
notremember,1
malfunction,1
dc,1
mma,1
graduation,1
fewer,1
shirley,1
theatresteak,1
hs,1
neighbor,1
lightner,1
spartansthe,1
streak,1
rube,1
cal,1
grizzlies,1
aok,1
transylvania,1
3dand,1
yesss,1
js,1
etci,1
wouldstill,1
scotty,1
511,1
stroll,1
130,1
dinorah,1
wholeheartedly,1
arcadia,1
neighboorhood,1
thisplace,1
whoowee,1
tomany,1
persons,1
unicorn,1
515pm,1
perfection,1
lokelanis,1
seahawks,1
moderate,1
isle,1
freedom,1
240,1
1966,1
wham,1
winniethepooh,1
craigyferg,1
owl,1
openness,1
77,1
seatingso,1
notsalty,1
expedia,1
snowwhite,1
moviecoloredtime,1
thinklikeamantoo,1
mango,1
alight,1
ama,1
31,1
arthurs,1
notdowntown,1
upright,1
timewouldnotrecommend,1
parnells,1
lemmon,1
grass,1
tecate,1
pr,1
dicktaster,1
nevervisit,1
mediocre,1
sbarros,1
bullet,1
gas,1
mask,1
brownie,1
sundae,1
unexpected,1
rabbit,1
biutiful,1
nobattling,1
moderately,1
bluray,1
suckaaaa,1
honda,1
nanny,1
poppy,1
camaro,1
taken2,1
comedythe,1
rere,1
exhibitvery,1
stomach,1
mila,1
tantrum,1
shift,1
earlyepicfail,1
dhoom,1
gonnna,1
cartas,1
elena,1
synopsis,1
furnace,1
popcorndrinks,1
beatles,1
prison,1
kaiserboyz,1
passengers,1
teaser,1
eaton,1
fs,1
uneven,1
almaza,1
notslowmoving,1
outwit,1
salon,1
neverclean,1
1155,1
airbender,1
peebad,1
san,1
francisco,1
notrave,1
associate,1
expandables,1
wifii,1
notwaitby,1
chronic,1
notpopcorn,1
kettlecornyum,1
bre,1
anisas,1
withdraw,1
cheeee,1
mgmt,1
amf,1
conditioningbetter,1
choicesprices,1
soundbar,1
improve,1
notrenovations,1
amunez,1
vayden,1
wo0t,1
syndel,1
kitana,1
notfollow,1
gps,1
directions,1
landmarks,1
import,1
presidente,1
nissan,1
lowlimit,1
nolimit,1
ipics,1
notbur,1
notrude,1
1189,1
imac,1
edgewood,1
rd,1
curt,1
007skyfall,1
50th,1
crisp,1
soggy,1
renois,1
rarity,1
glutenfree,1
atleast,1
scanner,1
migp,1
escpecially,1
eh,1
minimal,1
brauts,1
fnb,1
facilitate,1
ework,1
summit,1
rawk,1
vote,1
grapes,1
nipple,1
jagerbombs,1
cam,1
younglittlenerdlings,1
10stars,1
ticketsa,1
sitti,1
notnext,1
candle,1
bun,1
nobeef,1
susanne,1
neuer,1
acidification,1
9p,1
shape,1
todayand,1
scaffold,1
slutzilla,1
cahliah,1
ciaran,1
casinoproperty,1
lazyboys,1
wimp,1
kourts,1
raidredemption,1
texting,1
usage,1
eject,1
evans,1
hide,1
eticket,1
noadmission,1
gunther,1
von,1
hagens,1
beerwell,1
movietheater,1
plentiful,1
ecpensive,1
frances,1
mmmmhip,1
bolshoi,1
friendprometheus,1
notcomfort,1
fromeat,1
mentor,1
directory,1
organics,1
wentworth,1
miller,1
satmon,1
buddies,1
movietime,1
badsmh,1
inceptio,1
oatmeal,1
churros,1
calgarians,1
visitors,1
fixi,1
bouta,1
yippeeee,1
prepay,1
jayjay,1
brazilian,1
jujitsu,1
federation,1
grapple,1
caprieven,1
staind,1
chevelle,1
sedaris,1
ink,1
goeff,1
tate,1
cannothear,1
alldefend,1
overload,1
geoff,1
scifi,1
morn,1
hahaarrrghh,1
matey,1
sigor,1
ros,1
sooooo,1
bachi,1
archis,1
coz,1
mtg,1
apr,1
paralectic,1
cop,1
arrest,1
drukeness,1
weaksauce,1
bettermoreany,1
hc,1
nosane,1
nearest,1
offcampus,1
slooooooooooow,1
turtz,1
mcgee,1
coranado,1
bogo,1
tricky,1
escort,1
infa,1
notfinish,1
wouldnotbudge,1
cou,1
notus,1
ronin,1
notstale,1
fick,1
noopen,1
liek,1
sadden,1
forkdine,1
bak,1
nighttime,1
katies,1
usmc,1
sweaterrah,1
addl,1
ceiling,1
lazboyish,1
falsely,1
sogard,1
dominicks,1
rudd,1
william,1
shakespeares,1
rally,1
11511nomnom,1
cali,1
slidinthru,1
slapyomama,1
lovegrub,1
longboards,1
creammore,1
approximate,1
bowlers,1
notrealize,1
sir,1
jla,1
silverado,1
notavail,1
honestly,1
arielle,1
xylon,1
275,1
johanssen,1
handsome,1
eeeek,1
bridesmaidspe,1
reciprocal,1
ticketsits,1
nightwhy,1
hubster,1
smokers,1
divergent,1
laymans,1
sheep,1
rebarcamp,1
irreplaceable,1
notposted,1
noresponse,1
leak,1
dryers,1
caleema,1
drifta,1
noticeable,1
seriouslywhy,1
290,1
brutta,1
liquor,1
onebadspyder,1
ifc,1
homeboy,1
unbelievable,1
menace,1
midmovie,1
jessica,1
parker,1
mettle,1
againexcellent,1
ahole,1
enthusiasm,1
catchi,1
nosignage,1
sowe,1
seagull,1
ticketscom,1
myrewards,1
neverbelieve,1
horseman,1
reflect,1
tragedy,1
precious,1
fragile,1
none,1
tmrw,1
thoughts,1
prayers,1
victims,1
notflicks,1
psychedelic,1
patrol,1
julaymar,1
teasers,1
cardholders,1
asmission,1
charcuterie,1
killz,1
stiff,1
notfit,1
holder,1
nites,1
nodrinks,1
davis,1
notsleep,1
tilt,1
notterribly,1
thrill,1
notwarm,1
ridm,1
numerous,1
mlb,1
umphrey,1
mcgees,1
2000th,1
kay,1
convert,1
edamame,1
bowel,1
rocky,1
wad,1
brs,1
wooosteve,1
drinky,1
hunny,1
honeymoon,1
sevens,1
imagination,1
unsweetened,1
footer,1
warz,1
babysitter,1
recommend！,1
gabbed,1
centerpoint,1
davenport,1
whiplash,1
nostude,1
notdiscount,1
buteverything,1
isaac,1
dinners,1
gordonlevett,1
johannsson,1
viva,1
salsa,1
asada,1
donate,1
education,1
fund,1
gramps,1
rancid,1
transplant,1
effin,1
bong,1
unattentive,1
nathans,1
piss,1
7045030075,1
mywatching,1
ashley,1
thembeforelol,1
charlize,1
theron,1
aisle,1
chapelle,1
freckle,1
jade,1
notearly,1
zaley,1
dreadful,1
humidity,1
miranda,1
notadmission,1
boobooinlaw,1
seatingi,1
afternooneveningweekend,1
tracy,1
heatlaughed,1
nothonor,1
northern,1
papacierri,1
officially,1
lindas,1
avail,1
wheneveryou,1
neverlet,1
wrench,1
emotional,1
heroic,1
amigos,1
lanternhey,1
ladiestheres,1
yeeeeyyeeeeeeee,1
rough,1
slip,1
complicate,1
herr,1
survival,1
kindergarten,1
replay,1
pshhh,1
notwanna,1
dice,1
iskery,1
mobi,1
snore,1
noemployees,1
snicker,1
struggle,1
corral,1
superbowl,1
friendsgo,1
packers,1
seatswide,1
swivel,1
trayzero,1
useits,1
4d,1
sniff,1
coldcool,1
tunnel,1
xxl,1
noupgrade,1
aloneabsolutely,1
apathetic,1
prove,1
crusty,1
suede,1
seatsthis,1
jew,1
exception,1
notquality,1
stuffbut,1
northwest,1
stronger,1
cousin,1
margaritayum,1
restscup,1
compel,1
kp3d,1
laws,1
broom,1
backstage,1
larevethedream,1
kaleigh,1
elyse,1
overrun,1
hoodlums,1
infantschildren,1
notprese,1
endure,1
hassle,1
tropicana,1
unwilling,1
crashers,1
verse,1
tam2012,1
eeeeee,1
notupdate,1
glenda,1
rugrats,1
wgeorge,1
grandmaster,1
notrap,1
kostenfreie,1
parkplätze,1
direkt,1
neben,1
sind,1
nur,1
eine,1
kreuzung,1
entfernt,1
das,1
hier,1
gut,1
weitere,1
dinge,1
für,1
den,1
täglichen,1
bedarf,1
kaufen,1
kann,1
spell,1
braveso,1
catbird,1
dirtiest,1
wheel,1
pharaoh,1
nevertheless,1
zmen,1
ptothesmizzo,1
instagram,1
president,1
vanish,1
openmind,1
notstation,1
milkshake,1
defectively,1
goodtimes,1
115,1
boooooo,1
645,1
3so,1
wagon,1
wats,1
talong,1
rengir,1
30mins,1
shortstaffed,1
vibrations,1
expo,1
komen,1
invasion,1
invade,1
crevices,1
goodness,1
jz,1
whaaattt,1
deslile,1
cadre,1
zoofest,1
hilarante,1
leo,1
decaprio,1
grouponcom,1
squirt,1
tub,1
baggie,1
yaaas,1
fiveyear,1
notscreening,1
citizens,1
notwho,1
rampage,1
tailgate,1
nogrills,1
hts,1
arcades,1
adrenalin,1
oblivionhe,1
1030pm,1
facts,1
india,1
judi,1
dench,1
merfs,1
milfs,1
notsection,1
notunlike,1
shoppers,1
mart,1
pocketspurses,1
timeshare,1
presentation,1
orice,1
beggar,1
choosers,1
easiest,1
t3,1
lawrenceville,1
seenhorrible,1
transport,1
meter,1
torturous,1
collectors,1
nightalone,1
2gunsyeah,1
watsing,1
flutter,1
drastically,1
addys,1
halim,1
armando,1
noonline,1
nofandango,1
boozebeer,1
domestics,1
105,1
krystal,1
greatserved,1
earlycarpool,1
popcorm,1
ita,1
dimanche,1
ideas,1
piña,1
colada,1
optional,1
greenlantern,1
ousters,1
1725,1
ouch,1
notsafe,1
hamging,1
casinoboarding,1
smh,1
snooty,1
btches,1
hospitalityvipcaesarscom,1
connections,1
nosignal,1
mik,1
whimpy,1
manda,1
sierra,1
aloha,1
coooold,1
bis,1
previous,1
reviewer,1
lettuce,1
3dmidnight,1
ahh,1
notyoure,1
asc,1
workplacedetails,1
steph,1
multiplexes,1
scarface,1
theresa,1
theatertop,1
frank,1
lloyd,1
wright,1
designtop,1
hobo,1
shotgun,1
frame,1
usstarted,1
syriaegypt,1
iranturkey,1
nosticky,1
btwn,1
430am,1
5am,1
notnoipic,1
cattle,1
herd,1
dista,1
login,1
spam,1
horrific,1
pleydate,1
hydrate,1
theavengers,1
centerterrible,1
yolo,1
shoehorn,1
umbrellas,1
nespresso,1
13th,1
passport,1
casinobars,1
notconcert,1
hindsight,1
vision,1
admissions,1
may152018,1
noac,1
independently,1
monumental,1
status,1
rig,1
100000,1
polish,1
soulless,1
community,1
pkace,1
cock,1
prick,1
weapon,1
arse,1
eds,1
storychecking,1
skrillex,1
induce,1
lala,1
soundbut,1
exhaust,1
locationi,1
wheneverim,1
neet,1
notan,1
batmans,1
moviewhen,1
hangover3,1
shortly,1
itt,1
sudden,1
inconsistency,1
streeti,1
noteastwood,1
affleck,1
nerdy,1
cutie,1
onand,1
hms,1
blackfriday,1
50¢,1
everylifeisbeautifulcom,1
holmeswatched,1
notweek,1
countdown,1
109876,1
notrush,1
moscoto,1
notrun,1
notpremier,1
tva,1
notwings,1
watchers,1
gb,1
scaredinsidious,1
aerly,1
hollyboo,1
venture,1
tatt,1
attack,1
wahlberg,1
10am530pm,1
cheep,1
tess,1
teampepsi,1
mitchell20,1
gunslinger,1
infect,1
securitay,1
calm,1
kaiulani,1
lover,1
trentemoller,1
gag,1
huntsmanmeh,1
wizard,1
robe,1
gritz,1
op,1
oct,1
chronical,1
hoppers,1
bewareif,1
nosweater,1
rowdy,1
75th,1
7000,1
chapters,1
theatrehuge,1
seatsplus,1
wayne,1
shepherd,1
9pm,1
woes,1
fade,1
joust,1
ates,1
kuyas,1
crazystupidlove,1
amen,1
biutifulexcited,1
javier,1
bardems,1
megaminds,1
pepto,1
bismol,1
streets,1
potterand,1
chairsim,1
showfunny,1
singingdancingfood,1
lager,1
coors,1
aluminum,1
5dollar,1
48pm,1
ideal,1
notsloped,1
potterythe,1
showdown,1
scaragainst,1
gameswhat,1
alas,1
chaï,1
latte,1
cosy,1
agréable,1
lifestyle,1
honest,1
curfewtickects,1
cannery,1
plopper,1
moviewatching,1
november,1
plumbers,1
dinna,1
earlymorning,1
renowned,1
ofnthe,1
alternate,1
sicmonic,1
counterculture,1
ps,1
gina,1
carano,1
hmmmmmm,1
webex,1
latin,1
unkept,1
sceneca,1
legend,1
wgabriel,1
meierotti,1
1110,1
notfart,1
wake,1
vamp,1
prettiest,1
fate,1
danielle,1
jackjill,1
danbury,1
hangover2,1
1201,1
merv,1
jesse,1
alumni,1
count,1
notfork,1
colombianaready,1
mth,1
alway,1
555,1
1040,1
1100,1
edit,1
showcase,1
onthe,1
floorits,1
alvin,1
theodoredoodoo,1
doooooo,1
aussi,1
visite,1
filmssupport,1
theatersthey,1
notyoung,1
mustang,1
foo,1
uswish,1
dillion,1
grossology,1
fever,1
dairy,1
cne,1
humber,1
archival,1
weekendsespecially,1
souviner,1
tban,1
lg,1
crowdnottoday,1
adrienne,1
prom,1
ryein,1
membetship,1
haters,1
colour,1
static,1
reastura,1
notinside,1
hidef,1
295,1
vibrate,1
kads,1
adrian,1
beclean,1
bossesa,1
lateoh,1
galore,1
lonesome,1
booklets,1
mothaf,1
hatchet,1
nonsense,1
tow,1
notinstead,1
107,1
aliencovenant,1
vnv,1
irvin,1
camera,1
upholstery,1
cupcake,1
citizenfour,1
sightlines,1
metrocenter,1
hooligans,1
roam,1
loraxonraxonrax,1
concierge,1
jasmine,1
woody,1
allen,1
notslowmotionfarewelltour,1
p2,1
riddle,1
lovi,1
wgb,1
nodebit,1
pure,1
fellowship,1
olg,1
preve,1
notbeing,1
tuesdayswhen,1
notmanager,1
unhelpful,1
hub,1
heater,1
tt,1
arenas,1
relief,1
notbusy,1
frankenstein,1
limitlessmusicmusicnyccom,1
repaved,1
cigarette,1
theaterbeing,1
asthmatic,1
experiencecould,1
roomsnevercoming,1
heregross,1
drunkards,1
nosafe,1
againfirst,1
yeahreliving,1
youthseeing,1
leppard,1
journeyrock,1
target,1
targeton,1
centermissed,1
warsgotta,1
casinostaff,1
sue,1
allez,1
bonne,1
sélection,1
indépendants,1
dici,1
quartier,1
roselle,1
ty,1
richard,1
rivera,1
notdigiplex,1
trashy,1
neverkeep,1
disorganization,1
evah,1
lesson,1
kidlet,1
metallica,1
derail,1
goodnight,1
fury,1
notenjoy,1
mikes,1
carolina,1
frazey,1
gángster,1
fling,1
poop,1
racer,1
kalamazoo,1
nohigher,1
wouldever,1
hinterlands,1
nottry,1
mix6,1
49,1
copy,1
westgate,1
seus,1
theatercompletely,1
knightfinally,1
horseabout,1
damme,1
notknowdouble,1
impact,1
vipstatus,1
wowthis,1
dow,1
cutcopy,1
ballin,1
dominois,1
handmade,1
sleepy,1
price14,1
inaccurate,1
nothelpful,1
norris,1
aria,1
walkins,1
assholes,1
judas,1
kiss,1
chauntel,1
julliett,1
pj,1
accompany,1
res,1
barneys,1
notmissing,1
lebowski,1
spur,1
mome,1
notnights,1
noocean,1
bryan,1
ariettaor,1
arietta,1
toad,1
mixsix,1
movieamazing,1
notactivities,1
geta,1
nottime,1
5ticket,1
ma,1
shhhhhhthe,1
feom,1
toya,1
jerseys,1
tweenage,1
manuel,1
saldivar,1
cinamark,1
alpha,1
omega,1
notimpressed,1
chimps,1
notcutting,1
limitlessmusicnyccom,1
casinowe,1
thrice,1
whatchu,1
nicr,1
confortanle,1
gijoe,1
mias,1
cali4nia,1
reclinethe,1
strict,1
any1except4,1
2b,1
itthen,1
notturn,1
cellphone,1
goosebumps,1
politics,1
skills,1
wasnt,1
plz,1
wwz,1
disabiled,1
clients,1
nothearing,1
delivery,1
2030,1
mantiene,1
grit1225,1
previewfun,1
permane,1
voicemails,1
nomanageme,1
notstaff,1
nothandled,1
speechi,1
notjeff,1
firth,1
winbetter,1
notload,1
pushin,1
spacey,1
musicits,1
moeyep,1
stoogesgenes,1
notpaying,1
mud,1
mc,1
shirtawh,1
wouldcomplete,1
dennys,1
spazmatic,1
dangerous,1
nofee,1
hunters,1
scale,1
battlestar,1
xbox360,1
tedxyyc,1
5060,1
143am,1
childrens,1
mj,1
yeeeer,1
gr8,1
rhyme,1
grrrrr,1
notordering,1
2hours,1
eventually,1
ukkoihfgfr,1
eatery,1
conspirator,1
noclue,1
aiden,1
lovin,1
mudd,1
5309,1
searex,1
prehistoric,1
therapeutic,1
coldstone,1
vibi,1
badge,1
bash,1
nothungry,1
norcal,1
yesssss,1
bettie,1
organist,1
femmefest,1
missy,1
arlene,1
dolphins,1
priority,1
digitally,1
casablanca,1
desolation,1
smaug,1
homie,1
1progressive,1
stationsneed,1
juli,1
greeter,1
fiji,1
boog,1
noah,1
lmk,1
notdrink,1
anyways,1
joey,1
hoebag,1
horn,1
notnancy,1
grady,1
frigid,1
notreview,1
我最鐘意嘎電影院之一！,1
newcastle,1
bonrd,1
kailee,1
tucker,1
dale,1
yeehaw,1
nighter,1
eghhhht,1
vijni,1
script,1
ghostbusters,1
waterfro,1
notlive,1
notnice,1
oopshunger,1
spaz,1
chillins,1
nieces,1
damily,1
monster,1
takashi,1
audrey,1
16th,1
wwwtheroyaleazcom,1
quasistadium,1
junkies,1
1990s,1
notoff,1
bracelet,1
prematurely,1
bodyworld,1
stimulate,1
theimax,1
wilco,1
backstreet,1
nicesized,1
salmon,1
yemen,1
bass,1
singer,1
magdato,1
monroe,1
bother,1
vaca,1
determine,1
notpalazzo,1
100s,1
insights,1
wipe,1
moab,1
yayuh,1
jbx,1
yee,1
texmex,1
boyeeeee,1
connor,1
bwellaz,1
orphee,1
duchess,1
meaty,1
upwards,1
12am,1
zora,1
mickey,1
lamb,1
sin,1
mosh,1
ferrel,1
notphone,1
extérieur,1
lancienne,1
bourse,1
superbeinterieur,1
déceva,1
lundi,1
soirée,1
tranquille,1
moins,1
harass,1
runrun,1
noodds,1
penna,1
chuuuuu,1
secrets,1
yahtzee,1
tribe,1
hubbyloved,1
wtfwould,1
pea,1
notallowing,1
1245,1
rec,1
nothome,1
winwin,1
psychoanalysis,1
reminisce,1
gawdy,1
privacy,1
mistress,1
iver,1
getaway,1
burst,1
seam,1
neverwa,1
beneficial,1
casinodiscounts,1
ll,1
connivence,1
hoover,1
ufc121,1
unite,1
cannotcharge,1
tiffanys,1
coasters,1
niceand,1
baka,1
brats,1
insideout,1
filmfest,1
stateme,1
notafter,1
significa,1
notother,1
yknow,1
agents,1
yeeee,1
dbl,1
semester,1
shhhhhhdo,1
hail,1
dim,1
perspective,1
administrator,1
nevercold,1
glasscup,1
largesized,1
wouldcost,1
notchange,1
ooooohhhh,1
blankie,1
jihads,1
sistem,1
notlittle,1
eternal,1
hydra,1
weddd,1
shh,1
anybody,1
macs,1
abt,1
glitter,1
diamonds,1
imma,1
carnivore,1
notevery,1
fajitas,1
620,1
frreeeeeeee,1
cruise,1
julian,1
hough,1
waynesworld,1
jointand,1
kidsquestarcadeand,1
mellow,1
310,1
notbuffet,1
conscious,1
madagasgar,1
449,1
babynice,1
rice,1
burroughs,1
documentaries,1
showbuy,1
poncho,1
roof400,1
halle,1
38,1
gameworks,1
blend,1
prose,1
daughters,1
hotspot,1
movieawesome,1
numbness,1
canal,1
saturn,1
tsa,1
customet,1
ex,1
effn,1
fck,1
againhugo,1
lookin,1
notantman,1
nothi,1
notweekends,1
tf,1
aaaw,1
reclinerssooo,1
raiders,1
arkimax,1
ultraavx,1
sharp,1
bieber,1
ratio,1
xman,1
notdisappointed,1
atmospherefood,1
tote,1
bogus,1
nototes,1
pozole,1
woulddefinitely,1
tix4tonight,1
dime,1
allnatural,1
peets,1
nottoosweet,1
mochas,1
caprese,1
nicca,1
10months,1
marisa,1
roomates,1
moneyline,1
bodyworks,1
african,1
highway,1
danger,1
daytime,1
item,1
whelm,1
greybithes,1
hafa,1
adai,1
3deeeeee,1
buaa,1
amenitiesconcessions,1
notran,1
notfriendly,1
sneeze,1
potential,1
professionalism,1
notdoing,1
gossip,1
bff,1
awesomely,1
supermarket,1
notinformation,1
casinojust,1
unclean,1
lid,1
fatcats,1
notmea,1
bicheeesssssss,1
marie,1
spray,1
neutralizer,1
hnlv,1
tgif,1
diggin,1
teff,1
grandma,1
fujimoto,1
cuzns,1
ky,1
crowdedclean,1
fams,1
notrealistic,1
notaccurate,1
strait,1
tixs,1
notamazing,1
975,1
hotdoc,1
executive,1
amaretto,1
apricot,1
dom,1
liana,1
notstarted,1
suckerpunchd,1
exroomie,1
aisheen,1
gaza,1
flashlight,1
operayar,1
infliction,1
fartsy,1
sloppy,1
remix,1
snobby,1
notroll,1
childcare,1
brat,1
meyer,1
faves,1
sardines,1
15min,1
ad,1
isnt,1
sparrow,1
marissa,1
notfresh,1
1620,1
roughly,1
hoe,1
nordstrom,1
abbys,1
siegler,1
domicile,1
aa,1
diana,1
cultrare,1
knee,1
wknd,1
tr,1
1155pm,1
tamale,1
varietyand,1
5minutes,1
chaplin,1
vie,1
phong,1
northeast,1
sherry,1
shanelle,1
angelo,1
arrivez,1
séance,1
23h,1
porte,1
sera,1
fermée,1
garezvous,1
là,1
lentrée,1
matin,1
hiver,1
serez,1
conte,1
notdêtre,1
pas,1
voiture,1
ninjas,1
jt,1
penzance,1
cobbs,1
007for,1
bombass,1
witness,1
nourgency,1
retrain,1
makayla,1
zach,1
cara,1
nicki,1
walker,1
notboxoffice,1
atmosphered,1
75ce,1
nothot,1
notadvertised,1
bronson,1
rachael,1
gallagher,1
roller,1
fhtazorg,1
beeflamb,1
fabolous,1
madea,1
tyler,1
outdo,1
mahal,1
cappuccino,1
1800,1
flask,1
shuffle,1
arrange,1
twos,1
fixins,1
notmanage,1
meguels,1
specail,1
obama,1
kenotickets,1
opposite,1
sheppard,1
contagionooh,1
formal,1
wouldjust,1
flemming,1
dispecable,1
jaecen,1
chipotle,1
mayo,1
straighten,1
51,1
combo2,1
wfree,1
ozawesome,1
thankyou,1
frankenstien,1
27oct,1
2010,1
213,1
nasa,1
persia,1
shouldput,1
comparison,1
tis,1
spacesuch,1
whalen,1
darkest,1
notreturn,1
robots,1
barkaloungers,1
cody,1
leadingedge,1
canadian,1
quebec,1
rescuers,1
hardcore,1
timegood,1
toolove,1
caronly,1
complai,1
notmay,1
screenmiss,1
moviesall,1
allgreat,1
columbiana,1
marina,1
grille,1
liquid,1
revolt,1
moviedates,1
courageous,1
impossile,1
schmancy,1
ivan,1
rayne,1
spouse,1
niceyou,1
nochoice,1
notmargaritas,1
notsay,1
pur,1
financee,1
doubers,1
sep,1
notpricing,1
bennifer,1
natalie,1
portman,1
brenden,1
kramer,1
frankensteen,1
afro,1
piranha,1
shopeatdrinkwalkmingle,1
notattitude,1
druggies,1
noold,1
indecisive,1
lawd,1
rais,1
stacy,1
youor,1
asthma,1
larissa,1
matine,1
dumbest,1
yelptownhall,1
absolute,1
hint,1
492,1
amurrica,1
alexandra,1
cheerful,1
craigeatt,1
bj,1
arias,1
rina,1
pitstop,1
ebert,1
tile,1
laylay,1
notnearby,1
larry,1
matthews,1
establishment,1
gregory,1
wid,1
hoorah,1
boxoffice,1
smarter,1
guidelines,1
overlook,1
barefoot,1
nv,1
nit,1
calif,1
notmeal,1
consciences,1
wouldsplit,1
copper,1
apesthe,1
startedsequel,1
elle,1
notreserved,1
glorify,1
mmmmmm,1
notpackets,1
notnotice,1
unable,1
questionable,1
notgonna,1
bowlin,1
nas,1
damian,1
marley,1
shakedown,1
maxwells,1
chicks,1
gona,1
640,1
wstching,1
chairsi,1
ye,1
meng,1
chairslike,1
darker,1
marble,1
masculine,1
proceed,1
caution,1
vengadores,1
tf3,1
weekdaysnights,1
dunananana,1
dunanaana,1
celling,1
flicker,1
embarassed,1
upsale,1
overwhelm,1
gunna,1
brine,1
potty,1
assez,1
méconnu,1
montréalais,1
notdisappoint,1
aaawww,1
16oz,1
modello,1
housekeep,1
softer,1
goshi,1
mgms,1
timesdays,1
discountsfree,1
malai,1
kulfi,1
pornographers,1
940,1
selves,1
notquite,1
squeaky,1
olders,1
avengersfor,1
drabness,1
inconvenience,1
facelift,1
phantim,1
jonny,1
looovvvee,1
jocelyn,1
resolve,1
railhead,1
whoot,1
notcarry,1
unopened,1
rockstar,1
neverlines,1
pg13,1
anymorepg21,1
alba,1
focker,1
aaaaaahhhh,1
aletha,1
parvvy,1
brewers,1
undermanaged,1
stratosphere,1
recession,1
hesher,1
official,1
h2o,1
dirtyfood,1
maxiboo,1
billding,1
vanessaharry,1
tfo,1
pollygrind,1
captian,1
afterlife,1
dads,1
iv,1
knowway,1
notsomewhat,1
nottexas,1
nocomplaints,1
neverdone,1
notsupport,1
emen,1
hannibalthis,1
highest,1
broads,1
teamseeing,1
brittanie,1
cure,1
fanatic,1
notcou,1
fridges,1
nomicrowaves,1
noreply,1
corporation,1
alberta,1
philharmonic,1
vomit,1
slowordered,1
popcorntook,1
felony,1
fraud,1
dolphintale,1
hawkeye,1
hamburger,1
hungarian,1
rhapsody,1
chapter,1
75,1
notchicago,1
austin,1
notmoney,1
mando,1
t3d,1
halls,1
clear,1
enhance,1
polymer,1
herescreen,1
horriblenobass,1
everwatched,1
putrid,1
scent,1
shouldwork,1
speedy,1
kristen,1
jamie,1
curtis,1
neverpreviously,1
bedbugs,1
torontos,1
ndie,1
ara,1
gunshot,1
ava,1
kayla,1
cheeseburger,1
kermits,1
connectio,1
carpenter,1
williams,1
aargh,1
1215,1
taylor,1
kidnap,1
wouldransom,1
elaine,1
revitalize,1
seatsexcelle,1
notsight,1
loco,1
locass,1
daynight,1
olds,1
wout,1
aww,1
pam,1
jona,1
angels,1
airwaves,1
thief,1
haunt,1
wbar,1
lore,1
nostar,1
angela,1
driveins,1
clifford,1
155,1
whistleblower,1
ramona,1
beazus,1
wouldmake,1
adams,1
motherdaughter,1
steele,1
casinohahaha,1
anthony,1
operationimproving,1
iiwhoo,1
wolfpack,1
exodus,1
inaccuracies,1
industry,1
yehyall,1
loki,1
woooooo,1
poolbbq,1
mw,1
buildingsi,1
impressively,1
genomeo,1
cuñada,1
girltime,1
alex,1
pettyfer,1
wouldgo,1
cbr,1
braddah,1
insidiousim,1
horray,1
traditional,1
treadmill,1
amazzzzzing,1
1000pm,1
swim,1
coriolanus,1
preordering,1
surly,1
firstclass,1
packedalmost,1
cabernet,1
fim,1
russ,1
l,1
succeed,1
grandview,1
delorean,1
mongo,1
311,1
heeeeere,1
l0,1
takng,1
commence,1
orient,1
generic,1
megaplex,1
ey,1
thanx,1
popo,1
fromto,1
airport,1
battlelos,1
soleil,1
11a,1
professional,1
magazine,1
obsess,1
delvino,1
godspeed,1
waw,1
8in,1
ravenclaw,1
jed,1
hhhooollleeerrrr,1
alissa,1
di3i,1
gewd,1
hungoveragain,1
kamerons,1
omen,1
explode,1
shatter,1
tay,1
master,1
notserviced,1
jakes,1
stampede,1
samantha,1
aight,1
nodirection,1
2have,1
mikelol,1
finna,1
babyon,1
ahaha,1
funbook,1
vinyl,1
frontier,1
ferrell,1
verbally,1
accost,1
unstable,1
scumbags,1
han,1
measure,1
shauna,1
dilemma,1
funniest,1
mmmmmmm,1
michaels,1
nofootballwhats,1
3happy,1
ski,1
notcinematic,1
senna,1
notluxury,1
seating2nd,1
cinemascinerama,1
dome,1
not3,1
buffetand,1
marys,1
whaaaaat,1
atop,1
roads,1
bojangles,1
coliseum,1
thomas,1
accessible,1
battlela,1
600pm,1
experienceand,1
explosions,1
wifethan,1
ww,1
parry,1
tourname,1
notresist,1
shuttle,1
niceclean,1
attentive,1
freez,1
mcfaddens,1
ggggood,1
mbps,1
sewer,1
geen,1
ethnic,1
notrefund,1
disruptions,1
disruption,1
norefund,1
theaternothing,1
lin,1
franchise,1
universe,1
dec,1
2005,1
notscheduled,1
mambas,1
14th,1
bball,1
gambler,1
niner,1
pearl,1
11oclock,1
overhead,1
introduce,1
rubysparks,1
octopus,1
distribute,1
nonsmoking,1
roomfloor,1
cigarettes,1
casinoran,1
aways,1
substitute,1
trade,1
cheaply,1
bridemaids,1
pierats,1
wlegs,1
puff,1
shouldnotcomplain,1
conclude,1
40th,1
terrors,1
yaaa,1
smirfs,1
gsw,1
theproper,1
notnecessary,1
transpare,1
notstarbucks,1
jody,1
airborne,1
toxic,1
mikefinally,1
sucksgood,1
particular,1
generously,1
asians,1
matisyahu,1
vibez,1
drake,1
resolution,1
vocal,1
bettors,1
exciteme,1
paramutual,1
wpuffball,1
user1,1
hg,1
makeshift,1
southpoint,1
county,1
cinch,1
embarrass,1
claudia,1
nomicrowaverefrigerator,1
